Newspaper ` Explains ' U.S. Interests Section Events FL1402001894 Havana Radio Reloj Network in Spanish 2100 GMT 13 Feb 94,Radio Reloj Network,organization based in,Havana
"` ` If it does not snow , and a lot , within this month we will have no water to submerge 150 , 000 hectares ( 370 , 500 acres ) of rice , ' ' said Bruno Pusterla , a top official of the Italian Agricultural Confederation .",Bruno Pusterla,work for,Italian Agricultural Confederation
"The self-propelled rig Avco 5 was headed to shore with 14 people aboard early Monday when it capsized about 20 miles off the Louisiana coast , near Morgan City , Lifa said.",Morgan City,near,Louisiana
"Annie Oakley , also known as Little Miss Sure Shot , was born Phoebe Ann Moses in Willowdell , Darke County , in 1860 .",Morgan City,near,Louisiana
"Annie Oakley , also known as Little Miss Sure Shot , was born Phoebe Ann Moses in Willowdell , Darke County , in 1860 .",Morgan City,near,Louisiana
"Annie Oakley , also known as Little Miss Sure Shot , was born Phoebe Ann Moses in Willowdell , Darke County , in 1860 .",Phoebe Ann Moses,born in,"Willowdell , Darke County"
"Penry raped Pamela Moseley Carpenter on Oct. 15 , 1979 , in Livingston , Texas , then stabbed her to death .",Livingston,location of event,Texas
Anhui ` Surplus ' Rural Laborers Move to Cities OW1102132994 Beijing XINHUA in English 1313 GMT 11 Feb 94,XINHUA,organization based in,Beijing
"Meanwhile , Shi Liming at the Institute of Zoology of Kunming found that pandas lack variety in their protein heredity , which may serve as one of the major reasons for pandas ' near extinction .",Shi Liming,work for,Institute of Zoology
"Meanwhile , Shi Liming at the Institute of Zoology of Kunming found that pandas lack variety in their protein heredity , which may serve as one of the major reasons for pandas ' near extinction .",Institute of Zoology,organization based in,Kunming
"Here are highlights of Lucille Ball 's career : 1911 _ Born Aug. 6 , 1911 in Jamestown N.Y. , the daughter of an electrician and concert pianist Desiree Ball. 1926",Lucille Ball,born in,Jamestown N.Y.
"John Wilkes Booth wasn 't a shiftless actor who killed Abraham Lincoln out of despondency over the South 's loss in the Civil War , but a Confederate intelligence agent , a new book contends .",John Wilkes Booth,killed,Abraham Lincoln
"The viewers of "" JFK "" and "" The Men Who Killed Kennedy "" never learn about these facts , nor do they ever learn about all of the other massive body of evidence that conclusively proves beyond a reasonable doubt that Oswald was the lone gunman who killed President Kennedy and Officer Tippit and that there was no coverup by Earl Warren or by the Warren Commission. ;",Oswald,kill,President Kennedy
"The viewers of "" JFK "" and "" The Men Who Killed Kennedy "" never learn about these facts , nor do they ever learn about all of the other massive body of evidence that conclusively proves beyond a reasonable doubt that Oswald was the lone gunman who killed President Kennedy and Officer Tippit and that there was no coverup by Earl Warren or by the Warren Commission. ;",Oswald,killed,Officer Tippit
"For singer and guitarist Bob Boyd , 57 , the Ranch has been home since he left Chattanooga , Tenn. , 35 years ago .",Bob Boyd,lived in,Chattanooga
"For singer and guitarist Bob Boyd , 57 , the Ranch has been home since he left Chattanooga , Tenn. , 35 years ago .",Bob Boyd,lived in,Tenn.
"For singer and guitarist Bob Boyd , 57 , the Ranch has been home since he left Chattanooga , Tenn. , 35 years ago .",Chattanooga,left from,Tenn.
Rome is in Lazio province and Naples in Campania .,Rome,located in,Lazio
Rome is in Lazio province and Naples in Campania .,Naples,located in,Campania
He has been the State Department 's refugee coordinator and is a former Harvard politics professor. _Ronald for the rank of ambassador during his tenure as U.S. negotiator on textile matters.,State Department,work for,U.S.
He has been the State Department 's refugee coordinator and is a former Harvard politics professor. _Ronald for the rank of ambassador during his tenure as U.S. negotiator on textile matters.,Harvard,work for,U.S.
( By ITAR-TASS correspondent Mikhail Shevtsov ),Mikhail Shevtsov,work for,ITAR-TASS
"It is not and never has been designed or advertised as a threatening or abusive type of thing , ' ' said XBT spokesman Allan Fitzmaurice.",Allan Fitzmaurice.,work for,XBT
"In 1752 , flagmaker Betsy Ross was born in Philadelphia .",Betsy Ross,born in,Philadelphia
"Fire Island National Seashore , Patchogue , N.Y. ;",Fire Island National Seashore,located in,Patchogue
"Fire Island National Seashore , Patchogue , N.Y. ;",Fire Island National Seashore,located in,N.Y.
"Fire Island National Seashore , Patchogue , N.Y. ;",Patchogue,none,N.Y.
OW3004022094 Beijing XINHUA Domestic Service in Chinese 1149 GMT 29 Apr 94,XINHUA,organization based in,Beijing
"In Idaho , where 76 , 000 acres have been blackened , smoke from fires miles away hung over Boise but no warnings were issued to stay indoors.",Boise,located in,Idaho
"The strong Santa Ana winds that earlier produced wind gusts as high as 100 mph in Southern California , destroying a blimp , shutting down an airport , and cutting power to thousands of utility customers were subsiding , officials said .",Santa Ana,cause damage in,Southern California
"But Sen. Strom Thurmond , R-S.C. , sponsor of a proposed constitutional amendment , said , ` ` An overwhelming majority of Americans are looking to the Congress to ... restore the proper civil respect for our American flag. ' '",Strom Thurmond,work for,Congress
"With considerable rough sailing and difficulty anticipated in the process of ratification by the U.S. Congress , the Congress is hardly expected to complete the ratification process within the time limit set by the UR agreement .",Congress,organization based in,U.S.
"With considerable rough sailing and difficulty anticipated in the process of ratification by the U.S. Congress , the Congress is hardly expected to complete the ratification process within the time limit set by the UR agreement .",Congress,organization based in,U.S.
"In another scene , President James Garfield 's assassin Charles Guiteau ( Jonathan Hadary ) prances up and down the stairs of the gallows where he will be hanged , all the while singing a spirited Gospel tune about "" going to the Lordy . """,Charles Guiteau,kill,President James Garfield
"SPACE CENTER , Houston ( AP )",SPACE CENTER,organization based in,Houston
"Grant B. Cooper , an attorney who defended Kennedy assassin Sirhan B. Sirhan , has died at age 87.",Sirhan B. Sirhan,kill,Kennedy
"Woodrow Wilson ( 28th President ) : Born at about midnight , leaving the date in doubt , Dec. 28 or 29 , 1856 , in a Presbyterian manse in Staunton , Va .",Sirhan B. Sirhan,kill,Kennedy
"` ` I 'm delighted , ' ' said Peter Butler , attorney for A. Copeland Enterprises Inc. _ the company which owns New Orleans-based Popeyes Famous Fried Chicken _ after Judge Henry A. Politz announced the decision for the three-judge 5th U.S. Circuit Court of Appeals panel .",Peter Butler,work for,A. Copeland Enterprises Inc.
"` ` I 'm delighted , ' ' said Peter Butler , attorney for A. Copeland Enterprises Inc. _ the company which owns New Orleans-based Popeyes Famous Fried Chicken _ after Judge Henry A. Politz announced the decision for the three-judge 5th U.S. Circuit Court of Appeals panel .",Henry A. Politz,member of,5th U.S. Circuit Court of Appeals
"PURCHASE , N.Y .",PURCHASE,none,N.Y .
"In 1782 , the first president who was a native citizen of the United States , Martin Van Buren , was born in Kinderhook , N.Y. In 1791 , composer Wolfgang Amadeus Mozart died in Vienna , Austria , at the age of 35 .",PURCHASE,none,N.Y .
"U.S. Coast Guard Training Center , Petaluma , Calif. ;",U.S. Coast Guard Training Center,organization based in,Petaluma
"U.S. Coast Guard Training Center , Petaluma , Calif. ;",U.S. Coast Guard Training Center,located in,Calif.
"U.S. Coast Guard Training Center , Petaluma , Calif. ;",Petaluma,located in,Calif.
PM2303111794 Moscow IZVESTIYA in Russian 23 Mar 94 p 3,IZVESTIYA,organization based in,Moscow
"Pepperell , based in West Point , Ga. , manufactures Martex towels and Arrow shirts and has about a quarter of the nation 's home fashion textile market .",Pepperell,organization based in,West Point
"Pepperell , based in West Point , Ga. , manufactures Martex towels and Arrow shirts and has about a quarter of the nation 's home fashion textile market .",Pepperell,organization based in,Ga.
"Pepperell , based in West Point , Ga. , manufactures Martex towels and Arrow shirts and has about a quarter of the nation 's home fashion textile market .",West Point,organization based in,Ga.
"In a brief order , the justices refused to reinstate the death sentence of John Harvey Adamson , who was convicted of murdering Phoenix newspaper reporter Don Bolles in 1976 .",John Harvey Adamson,kill,Don Bolles
"Michael R. Gordon , chairman of the Montgomery County House delegation , thinks Ms. Toth is in an ` ` embarrassing ' ' position .",Michael R. Gordon,chairman of,Montgomery County House delegation
"( Text ) Vyacheslav Chornovil , leader of the Ukrainian Popular Rukh , intends to run for the presidency in the 26 June , 1994 elections , officials in the Rukh press service told INTERFAX-Ukraine .",Vyacheslav Chornovil,leader of,Ukrainian Popular Rukh
"Slavko Mestrovic , secretary of the Croatian People 's Party , welcomes the deceleration in the case if it leads toward a just peace , the reintegration of the occupied Croatian territories , the return of the refugees to their homes , and the cessation of the war .",Slavko Mestrovic,work for,Croatian People 's Party
"CDT Tuesday in the area of Port Arther and Galveston , Texas.",Slavko Mestrovic,work for,Croatian People 's Party
"CDT Tuesday in the area of Port Arther and Galveston , Texas.",Slavko Mestrovic,work for,Croatian People 's Party
KAL attorney George Tompkins countered that the main evidence in the case is a line drawn by Soviet officials on a map showing an off-course Flight 007 flying for several hours over Russian airspace hundreds of miles to the west of its planned route.,George Tompkins,work for,KAL
"Jacobs , 20 , and Eddie Hatcher , 31 , were charged in the 1988 takeover in Lumberton , N.C.",Lumberton,located in,N.C.
Jack Ruby bought the revolver for $62.50 in a Dallas gun shop and used it to shoot Oswald two days after Kennedy was assassinated.,Jack Ruby,kill,Oswald
"In the communique , the Group of Rio states that "" the Haitian crisis can be resolved only if unrestricted respect is shown for the Governor 's Island Agreement which calls for the prompt return of Haitian President Jean Bertrand Aristide to the exercise of his constitutional powers in Haiti .",Jean Bertrand Aristide,President of,Haiti
"In 1882 , the notorious outlaw Jesse James was shot to death in St. Joseph , Mo. , by Robert Ford , a member of his own gang .",Robert Ford,kill,Jesse James
"Robert Bernero , chief of waste disposal for the NRC , said the shafts would be ` ` the first major holes to be dug into the Yucca Mountain formation. ' '",Robert Bernero,work for,NRC
Datuk Sri Dr. Mahathir said the two leaders had invited him to make an official visit to South Africa and he also had extended invitations to the two to make a similar visit to Malaysia .,Datuk Sri Dr. Mahathir,work for,Malaysia
SAN FRANCISCO ( AP ),AP,organization based in,SAN FRANCISCO
Moscow ITAR-TASS,ITAR-TASS,organization based in,Moscow
"The Environmental Protection Agency is working on a brochure advising diabetics of the best way to dispose of needles , said Robin Woods , a spokeswoman for the agency in Washington , D.C. It will suggest that diabetics place ` ` sharps ' ' _ the needle end of a syringe _ in a hard plastic or metal container like a coffee can before throwing it in the trash , Woods said.",The Environmental Protection Agency,organization based in,"Washington , D.C."
"The Environmental Protection Agency is working on a brochure advising diabetics of the best way to dispose of needles , said Robin Woods , a spokeswoman for the agency in Washington , D.C. It will suggest that diabetics place ` ` sharps ' ' _ the needle end of a syringe _ in a hard plastic or metal container like a coffee can before throwing it in the trash , Woods said.",Robin Woods,work for,The Environmental Protection Agency
"The Environmental Protection Agency is working on a brochure advising diabetics of the best way to dispose of needles , said Robin Woods , a spokeswoman for the agency in Washington , D.C. It will suggest that diabetics place ` ` sharps ' ' _ the needle end of a syringe _ in a hard plastic or metal container like a coffee can before throwing it in the trash , Woods said.",Woods,work for,The Environmental Protection Agency
"True , Woodrow Wilson was born in Virginia , but he won his political fame as governor of New Jersey , so he hardly counted as a Southerner in political terms .",Woodrow Wilson,born in,Virginia
"` ` You can count it on your fingertips , ' ' said veteran Miami Beach political Gerald Schwartz.",Gerald Schwartz.,none,Miami Beach
"Not content with that major error , the Journal editorial illustrated a lack of understanding of the overwhelming evidence in the Warren Commission Report proving that Lee Harvey Oswald was the lone gunman who killed President Kennedy and who 45 minutes later killed Dallas Police Officer J.D. Tippit.",Lee Harvey Oswald,killed,President Kennedy
"Not content with that major error , the Journal editorial illustrated a lack of understanding of the overwhelming evidence in the Warren Commission Report proving that Lee Harvey Oswald was the lone gunman who killed President Kennedy and who 45 minutes later killed Dallas Police Officer J.D. Tippit.",Lee Harvey Oswald,killed,President Kennedy
"Meanwhile , on a separate occasion , Prince Ranariddh , first prime of Cambodia , reiterated the Phnom Penh government 's wish to open a Cambodian Embassy in Jakarta as soon as possible .",Prince Ranariddh,work for,Cambodia
"Meanwhile , on a separate occasion , Prince Ranariddh , first prime of Cambodia , reiterated the Phnom Penh government 's wish to open a Cambodian Embassy in Jakarta as soon as possible .",Prince Ranariddh,work for,Phnom Penh government
"Meanwhile , on a separate occasion , Prince Ranariddh , first prime of Cambodia , reiterated the Phnom Penh government 's wish to open a Cambodian Embassy in Jakarta as soon as possible .",Phnom Penh government,organization based in,Cambodia
Church 's is headquartered in San Antonio .,Church 's,organization based in,San Antonio
"He graduated from high school from Benton , Tenn. and from Tennessee Tech in Cookville , and holds a doctorate in physics from Virginia Tech .",Benton,none,Tenn.
"He graduated from high school from Benton , Tenn. and from Tennessee Tech in Cookville , and holds a doctorate in physics from Virginia Tech .",Tennessee Tech,none,Tenn.
"He graduated from high school from Benton , Tenn. and from Tennessee Tech in Cookville , and holds a doctorate in physics from Virginia Tech .",Tennessee Tech,organization based in,Cookville
"He graduated from high school from Benton , Tenn. and from Tennessee Tech in Cookville , and holds a doctorate in physics from Virginia Tech .",Cookville,education,Tenn.
"In 1893 , comedian Harold Lloyd was born in Burchard , Neb .",Cookville,education,Tenn.
Sofia BTA,BTA,none,Sofia
"In 1752 , flagmaker Betsy Ross was born in Philadelphia .",Betsy Ross,born in,Philadelphia
"GSA Depot , Davisville , R.I. ; and Mineral Wells , Texas .",GSA Depot,located in,Davisville
"GSA Depot , Davisville , R.I. ; and Mineral Wells , Texas .",GSA Depot,located in,R.I.
"GSA Depot , Davisville , R.I. ; and Mineral Wells , Texas .",Davisville,organization based in,R.I.
"GSA Depot , Davisville , R.I. ; and Mineral Wells , Texas .",Mineral Wells,none,Texas
"King rose to prominence after Mrs. Parks ' action in December 1955 in Montgomery , Ala. , set the stage for a boycott and subsequent demonstrations that caught the nation by surprise .",Mrs. Parks,action in,Montgomery
"King rose to prominence after Mrs. Parks ' action in December 1955 in Montgomery , Ala. , set the stage for a boycott and subsequent demonstrations that caught the nation by surprise .",Mrs. Parks,action in,Ala.
"King rose to prominence after Mrs. Parks ' action in December 1955 in Montgomery , Ala. , set the stage for a boycott and subsequent demonstrations that caught the nation by surprise .",Montgomery,location in,Ala.
"Kennedy had just won California 's Democratic presidential primary when Sirhan shot him in Los Angeles on June 5 , 1968 .",Sirhan,kill,Kennedy
"Dan Quayle 's first trip out of the country as vice is likely to be to Caracas , Venezuela , for Carlos Andres Perez 's presidential inauguration on Feb. 2 , an official in President-elect Bush 's transition said Thursday .",Caracas,city in,Venezuela
"Dan Quayle 's first trip out of the country as vice is likely to be to Caracas , Venezuela , for Carlos Andres Perez 's presidential inauguration on Feb. 2 , an official in President-elect Bush 's transition said Thursday .",Carlos Andres Perez,inauguration in,Caracas
"Dan Quayle 's first trip out of the country as vice is likely to be to Caracas , Venezuela , for Carlos Andres Perez 's presidential inauguration on Feb. 2 , an official in President-elect Bush 's transition said Thursday .",Carlos Andres Perez,president of,Venezuela
"Rogers , a native of Fort Worth , Texas , has a dry wit and so much of the American southwest in his manner and voice that he spends a lot of time denying he 's related to the famous Oklahoma cowboy humorist Will Rogers .",Carlos Andres Perez,president of,Venezuela
Sirhan says he was the lone assassin but can 't remember shooting Kennedy .,Sirhan,kill,Kennedy
"The registrar of the University of Nigeria 's Nsukka campus , U. Umeh , said he had closed the university on the advice of the government .",Nsukka,organization based in,Nigeria
"In Colorado , 13 inches of snow in Denver Wednesday prompted officials to close Interstate 270 temporarily .",Denver,located in,Colorado
"Edward Marks , an official with the Montgomery County Democratic Party , argued that if Ms. Toth is not interested in the job , ` ` she should get out. .. .",Edward Marks,work for,Montgomery County Democratic Party
Moscow IZVESTIYA,IZVESTIYA,organization based in,Moscow
He said he only learned his father was a war-stress patient at St. Nicholas Hospital in Gosforth in northeast England after he died two years ago .,St. Nicholas Hospital,organization based in,Gosforth
He said he only learned his father was a war-stress patient at St. Nicholas Hospital in Gosforth in northeast England after he died two years ago .,St. Nicholas Hospital,organization based in,England
He said he only learned his father was a war-stress patient at St. Nicholas Hospital in Gosforth in northeast England after he died two years ago .,Gosforth,located in,England
"ROYAL OAK , Mich .",ROYAL OAK,none,Mich .
"The session was opened by Aleksandr Kruhlow , a 72-year-old deputy from Sevastopol , organizer of many meetings in Nakhimov Square , and an untiring fighter for the return of Sevastopol and the Crimea to Russia .",Aleksandr Kruhlow,from,Sevastopol
"The Coast Guard rescued seven people from a sinking shrimp boat near the Sabine Pass station , said station chief Kenneth Compton.",Kenneth Compton.,work for,Coast Guard
"Most of the work conducted by the Warren Commission , which concluded that Lee Harvey Oswald acted alone in the Kennedy slaying , has been opened to the public , a move that has helped researchers evaluate _ and in many cases strongly criticize _ that investigation .",Lee Harvey Oswald,kill,Kennedy
"In 1898 , composer George Gershwin was born in New York .",George Gershwin,born in,New York
""" U.S. decision-makers should understand that the signals they send today will have major ramifications for the Israeli approach to the Arrow program , "" says Marvin Feuerwerger in a 1991 study for the Washington Institute for Near East Policy .",Marvin Feuerwerger,work for,Washington Institute for Near East Policy
He disclosed that engineers at the St. Petersburg branch of the Atomenergoproekt institute were completing work on the design of a new NP-500 reactor .,Atomenergoproekt institute,organization based in,St. Petersburg
"But four years later , Wright said he would vote against Barry Goldwater because he felt the Arizona senator supported a ` ` slowdown on civil rights ' ' and would take a ` ` harder , more dangerous line on foreign relations. ' '",Barry Goldwater,work for,Arizona
"DIMA 's technical manager , engineer Jose Tulio Gomez , said that in addition to industrial wastes , the rivers are also contaminated by human waste , and diesel and petroleum residues discarded by a number of factories .",Jose Tulio Gomez,work for,DIMA
"Besides , the captain said , the black-eyed peas matter , as it was termed in the papers , was of interest to the president of the black-eyed pea industry as well as to Gen. William C. Westmoreland , the commander of U.S. forces in Vietnam and a South Carolina native .",Gen. William C. Westmoreland,native of,South Carolina
"` ` Please don 't execute him , please , ' ' said Mrs. Cicippio , who works at the American Embassy in east Beirut.",Gen. William C. Westmoreland,native of,South Carolina
"` ` Please don 't execute him , please , ' ' said Mrs. Cicippio , who works at the American Embassy in east Beirut.",American Embassy,organization based in,Beirut.
Many of the first visitors to a new museum at the former Texas School Book Depository went directly to the sixth-floor spot where Lee Harvey Oswald allegedly fired the shots that killed President Kennedy .,Lee Harvey Oswald,kill,President Kennedy
"BELGRADE , Yugoslavia ( AP )",BELGRADE,none,Yugoslavia
"BELGRADE , Yugoslavia ( AP )",AP,organization based in,BELGRADE
"BELGRADE , Yugoslavia ( AP )",AP,organization based in,Yugoslavia
"A Placerville jury Wednesday convicted Highway 50 sniper Kenneth Earl Millikan of killing Bay Area Rapid Transit District employee Peter J. Martinelli , the son-in-law of BART Director Nello Bianco. ;",Kenneth Earl Millikan,kill,Peter J. Martinelli
"Mrs. Vogt was born in Akron ,Ohio , when Ulysses S. Grant was president , and spent much of her life there .",Mrs. Vogt,live in,"Akron ,Ohio"
"Chantal knocked out power on High Island shortly after 7 a.m. , but the few businesses in town remained open , including a grocery where Ms. Barrow was on duty.",Ms. Barrow,work for,High Island
"Following the plot of the 1973 film ` ` American Graffiti , ' ' directed by Modesto native George Lucas , high school seniors 15 years ago established Graffiti Night on the first Saturday after graduation .",George Lucas,from,Modesto
"William Leonard Jennings sobbed loudly as he appeared in a magistrates court in West Yorkshire and was charged with killing his 3-year-old son , Stephen , who was last seen alive on Dec. 12 , 1962 .",William Leonard Jennings,kill,Stephen
"The fire at the Pacific Fleet Air Wing 's ammunition dump , which resulted from today 's explosion , is being localized , according to the fleet 's senior duty officer Vsevolod Fadeyev .",Vsevolod Fadeyev,work for,Pacific Fleet
"Before I became ` The man who murdered John Lennon , ' I was basically a decent person , ' ' Chapman said from his isolation cell at Attica state prison , where he is serving 20 years to life.",Chapman,kill,John Lennon
"STOCKTON-ON-TEES , England ( AP ) _ Michael Minns received $160 , 000 from the father he never knew and thought was killed in World War II .",STOCKTON-ON-TEES,none,England
"STOCKTON-ON-TEES , England ( AP ) _ Michael Minns received $160 , 000 from the father he never knew and thought was killed in World War II .",AP,organization based in,STOCKTON-ON-TEES
"STOCKTON-ON-TEES , England ( AP ) _ Michael Minns received $160 , 000 from the father he never knew and thought was killed in World War II .",AP,organization based in,England
"STOCKTON-ON-TEES , England ( AP ) _ Michael Minns received $160 , 000 from the father he never knew and thought was killed in World War II .",Michael Minns,none,STOCKTON-ON-TEES
"STOCKTON-ON-TEES , England ( AP ) _ Michael Minns received $160 , 000 from the father he never knew and thought was killed in World War II .",Michael Minns,none,England
"STOCKTON-ON-TEES , England ( AP ) _ Michael Minns received $160 , 000 from the father he never knew and thought was killed in World War II .",Michael Minns,none,AP
Madrid EFE,EFE,organization based in,Madrid
"Lee 's surrender of the Army of Northern Virginia had virtually ended the war by that time , but Booth thought he could save the South by killing Lincoln , said Tidwell , a retired CIA officer .",Booth,kill,Lincoln
"More than 3 million calories of fossil fuel energy normally are required to produce nitrogen fertilizer for an acre of corn grown under a continuous cropping program , said David Pimentel , an ecologist and entomologist at Cornell University.",Booth,kill,Lincoln
"The most vociferous , but also the most categorical , has been Drazen Budisa , chairman of the strongest opposition party , the Croatian Social Liberal Party ( HSLS ) : "" There is no justification for a policy that seeks an ally in the aggressor , while seeking an enemy in the other victim of the aggression .",Drazen Budisa,chairman of,Croatian Social Liberal Party
"After decades of hostility , the Vatican is seizing on what it calls a new spirit of cooperation by Moscow to strengthen the Roman Catholic Church in the Soviet bloc.",Moscow,organization based in,Soviet
The Former southernmost Yugoslav Republic of Macedonia followed suit so that Yugoslavia now consists of Serbia and Montenegro .,Serbia,part of,Yugoslavia
The Former southernmost Yugoslav Republic of Macedonia followed suit so that Yugoslavia now consists of Serbia and Montenegro .,Montenegro,part of,Yugoslavia
"In 1809 , author Edgar Allan Poe was born in Boston .",Edgar Allan Poe,born in,Boston
"Winds gusting to near 80 mph damaged trees and several buildings at Covington , Okla.",Covington,located in,Okla.
"As Michael Holtcamp , the manager of the project , based in Huntsville , Alabama , put it , one slip of the Arrow 's sensor or radar and the mission is unsuccessful .",Michael Holtcamp,organization based in,Huntsville
"As Michael Holtcamp , the manager of the project , based in Huntsville , Alabama , put it , one slip of the Arrow 's sensor or radar and the mission is unsuccessful .",Michael Holtcamp,organization based in,Alabama
"As Michael Holtcamp , the manager of the project , based in Huntsville , Alabama , put it , one slip of the Arrow 's sensor or radar and the mission is unsuccessful .",Huntsville,organization based in,Alabama
W. Dale Nelson covers the White House for The Associated Press .,W. Dale Nelson,work for,The Associated Press
"It is known that President Boris Yeltsin , in his meeting with Bill Clinton , gave him certain official documents on the Lee Harvey Oswald case , who as you know was officially recognized as the man who killed President Kennedy .",Lee Harvey Oswald,kill,President Kennedy
"Tensions have increased in the predominantly French-speaking province since December , when the Supreme Court of Canada ruled that a provincial law requiring all signs to be only in French was unconstitutional .",Supreme Court,organization based in,Canada
"Ray is being held in Tennessee 's Brushy Mountain State Prison on a 99-year sentence for the April 4 , 1968 , slaying of King .",Ray,kill,King
"Artificial Limbs Will Be Controlled by Nerve Impulses "" ; first paragraph is an introduction ) ( Text ) Wednesday , 10 Nov 93 ( HANDELSBLATT ) --Scientists at Centro Nacional de Microelectronica ( CNM ) in Barcelona are working on the development of a new chip that , implanted in the human body , can receive nerve impulses and forward them to various parts of the body .",Centro Nacional de Microelectronica,organization based in,Barcelona
Paris AFP,AFP,organization based in,Paris
"First Deputy Commander of the Russian Pacific Fleet Igor Khmelnov flew to the site of the explosion at a Pacific Fleet air wing ammunition dump , which occurred at 16.00 local time , the Russian Defence Ministry 's information and press department told ITAR-TASS .",Igor Khmelnov,work for,Pacific Fleet
"In 1969 , Sirhan Sirhan was sentenced to death for the assassination of New York Sen. Robert F. Kennedy .",Sirhan Sirhan,kill,New York Sen. Robert F. Kennedy
"In 1863 , American automaker Henry Ford was born in Dearborn Township , Mich .",Sirhan Sirhan,kill,New York Sen. Robert F. Kennedy
"Today 's Highlight in History : On Jan. 8 , 1935 , rock-and-roll legend Elvis Presley was born in Tupelo , Miss .",Sirhan Sirhan,kill,New York Sen. Robert F. Kennedy
"ADDIS ABABA , Ethiopia ( AP )",ADDIS ABABA,capital of,Ethiopia
"After the assassination of Robert F. Kennedy , Davis appeared in court to testify that Kennedy 's assassin , Sirhan B. Sirhan , was competent to stand trial .",Sirhan B. Sirhan,kill,Kennedy
"In 1895 , baseball legend Babe Ruth was born in Baltimore .",Babe Ruth,born in,Baltimore
"In addition to the specialists , NASA said the mission crew will include five members of the U.S. astronaut corps .",NASA,work for,U.S.
Leroy Ivy of Oxford and his brother John Henry Ivy of Tupelo were indicted this month on a charge of conspiracy to murder Lee County Circuit Judge Thomas Gardner III.,Leroy Ivy,kill,Lee County Circuit Judge Thomas Gardner III.
Leroy Ivy of Oxford and his brother John Henry Ivy of Tupelo were indicted this month on a charge of conspiracy to murder Lee County Circuit Judge Thomas Gardner III.,John Henry Ivy,conspiracy to murder,Lee County Circuit Judge Thomas Gardner III.
"As a real native Detroiter , I want to remind everyone that Madonna is from Bay City , Mich. , a nice place in the thumb of the state 's lower peninsula .",John Henry Ivy,conspiracy to murder,Lee County Circuit Judge Thomas Gardner III.
"Cape Town Supreme Court Judge J.H. Berman refused to give Port Nolloth municipal authorities the right to forcibly remove the squatters , who live in shacks and tents .",Supreme Court,organization based in,Cape Town
"Cape Town Supreme Court Judge J.H. Berman refused to give Port Nolloth municipal authorities the right to forcibly remove the squatters , who live in shacks and tents .",J.H. Berman,works in,Cape Town
"Cape Town Supreme Court Judge J.H. Berman refused to give Port Nolloth municipal authorities the right to forcibly remove the squatters , who live in shacks and tents .",J.H. Berman,work for,Supreme Court
Paris AFP,AFP,organization based in,Paris
"` ` There is a great demand for recovered plastic , but the material has to be clean , ' ' said Andrew Stephens , president of Eaglebrook Plastics .",Andrew Stephens,work for,Eaglebrook Plastics
"In 1898 , composer George Gershwin was born in Brooklyn , N.Y.",George Gershwin,born in,"Brooklyn , N.Y."
"` ` They were actually using limbs and whatever they could put their hands on to plug the holes , ' ' said Roger Jacobsen , a Burlington operations manager.",Roger Jacobsen,work for,Burlington
"The Warren Commission determined that Lee Harvey Oswald fired a high-powered rifle at Kennedy from the sixth floor of the building where he worked on Nov. 22 , 1963 .",Lee Harvey Oswald,kill,Kennedy
The poll conducted by the private Endemerc-Louis Harris Firm on 24-31 May among 600 people in the valley of Mexico shows that PAN ( National Action Party ) candidate Fernandez de Cevallos increased his popularity rating to 42 percent after the presidential debate .,PAN,organization based in,Mexico
The poll conducted by the private Endemerc-Louis Harris Firm on 24-31 May among 600 people in the valley of Mexico shows that PAN ( National Action Party ) candidate Fernandez de Cevallos increased his popularity rating to 42 percent after the presidential debate .,National Action Party,organization based in,Mexico
The poll conducted by the private Endemerc-Louis Harris Firm on 24-31 May among 600 people in the valley of Mexico shows that PAN ( National Action Party ) candidate Fernandez de Cevallos increased his popularity rating to 42 percent after the presidential debate .,Fernandez de Cevallos,candidate in,Mexico
The poll conducted by the private Endemerc-Louis Harris Firm on 24-31 May among 600 people in the valley of Mexico shows that PAN ( National Action Party ) candidate Fernandez de Cevallos increased his popularity rating to 42 percent after the presidential debate .,Fernandez de Cevallos,candidate of,PAN
The poll conducted by the private Endemerc-Louis Harris Firm on 24-31 May among 600 people in the valley of Mexico shows that PAN ( National Action Party ) candidate Fernandez de Cevallos increased his popularity rating to 42 percent after the presidential debate .,Fernandez de Cevallos,candidate for,National Action Party
"One message came from Anderson 's sister , Peggy Say of Batavia , N.Y.",Batavia,none,N.Y.
"Ms. Toth , a 14-year veteran of the Legislature , decided against renting a house for the session , opting for hotel rooms and commuting about 60 miles from her Germantown home because ` ` if something came up this week or next week , I would walk out. ' '",Ms. Toth,live in,Germantown
"The French foreign said the mission , under the aegis of U.N. Secretary Javier Perez de Cuellar , was to be dispatched ` ` very quickly ' ' to Cambodia and other involved countries , but he did not set a date.",Javier Perez de Cuellar,work for,U.N.
"Mr. Vee , a Fargo native , sent one of his recording contracts and an old sweater.",Mr. Vee,live in,Fargo
"The Latino Rangers include Ray Martinez , who as an Austin policeman shot and killed University of Texas tower sniper Charles Whitman in 1966 .",Ray Martinez,kill,Charles Whitman
"The elder Quayle , publisher of the Huntington Herald-Press , said the family is still upset by media coverage of his son 's selection as President-elect George Bush 's running mate , and of the campaign that led to their election in November .",Quayle,publisher of,Huntington Herald-Press
"Ten years ago : James Earl Ray , the convicted assassin of civil rights leader Martin Luther King Jr. , married artist Anna Sandhu in a ceremony at Brushy Mountain Penitentiary in Tennessee .",James Earl Ray,assassin of,Martin Luther King Jr.
"Ten years ago : James Earl Ray , the convicted assassin of civil rights leader Martin Luther King Jr. , married artist Anna Sandhu in a ceremony at Brushy Mountain Penitentiary in Tennessee .",Brushy Mountain Penitentiary,organization based in,Tennessee
"However , the story did not die , and triggered years of controversy over whether Sirhan Sirhan , the man convicted of killing Kennedy , had acted alone .",Sirhan Sirhan,kill,Kennedy
"Today 's Highlight in History : One hundred years ago , on Oct. 14 , 1890 , Dwight D. Eisenhower , the 34th president of the United States , was born in Denison , Texas .",Sirhan Sirhan,kill,Kennedy
NEW ORLEANS ( AP ),AP,organization based in,NEW ORLEANS
"Birand asserts that "" the lastest situation on arms supplies has been created by the problems in Germany 's domestic politics , "" and goes on to point out that the German Government faces elections this year .",German Government,organization based in,Germany
"` ` We think this is not a very likely scenario , but it 's a check that can be done very , very quickly without disrupting service , ' ' said Federal Aviation Administration spokesman John Leyden .",John Leyden,work for,Federal Aviation Administration
Cairo AL-AHALI,AL-AHALI,organization based in,Cairo
Paris Radio France International,Radio France International,organization based in,Paris
"Carbondale Mining Technology Center , Carterville , Ill. ;",Carbondale Mining Technology Center,organization based in,Carterville
"Carbondale Mining Technology Center , Carterville , Ill. ;",Carbondale Mining Technology Center,organization based in,Ill.
"Carbondale Mining Technology Center , Carterville , Ill. ;",Carterville,located in,Ill.
"Campbell , who is going to the inauguration , asked that his sister Mary , who lives in Rock Hill , be mailed tickets as well .",Mary,live in,Rock Hill
Actor Karl Malden will teach acting in realistic American drama for two weeks beginning Monday at Vanderbilt University .,Karl Malden,work for,Vanderbilt University
"In 1830 , poet Emily Dickinson was born in Amherst , Mass .",Karl Malden,work for,Vanderbilt University
"The Warren Commission determined that Lee Harvey Oswald fired at Kennedy from the sixth floor of what is now the Dallas County Administration Building on Nov. 22 , 1963 .",Lee Harvey Oswald,killed,Kennedy
"` ` He ( LaFarge ) was the one who supposedly taught Tiffany how to make the Favrile glass , ' ' said auctioneer William Doyle , who operates an auction house in Manhattan .",William Doyle,organization based in,Manhattan
"Police sources reported today , Saturday , that the children were found in a home owned by U.S. citizen Sara Matzar in Pabnjachel in the northwestern department of Solola .",Sara Matzar,owns property in,Pabnjachel
"Police sources reported today , Saturday , that the children were found in a home owned by U.S. citizen Sara Matzar in Pabnjachel in the northwestern department of Solola .",Sara Matzar,owns property in,Solola
"Police sources reported today , Saturday , that the children were found in a home owned by U.S. citizen Sara Matzar in Pabnjachel in the northwestern department of Solola .",Pabnjachel,located in,Solola
"On this date : In 1735 , Paul Revere was born in Boston .",Paul Revere,born in,Boston
"The launch contract was signed early this month between the INPE , Finep , and China 's Great Wall firm .",Great Wall firm,organization based in,China
"He and the others leased land in the desert west of this Shiite Moslem holy city about 65 miles south of Baghdad , Iraq 's capital.",Baghdad,capital of,Iraq
"Derwinski 's involvement in the episode and his early lack of candor will be investigated during Senate confirmation hearings on his nomination to head the new Veterans Department , said Sen. Alan Cranston , D-Calif. , chairman of the Senate Committee on Veterans Affairs .",Alan Cranston,chairman of,Senate Committee on Veterans Affairs
"Gerald McEntee , president of the American Federation of State , County and Municipal Employees , said in a statement : ` ` More than any other writer in recent memory , Michael Harrington helped translate the dry and statistical analysis of poverty into passionate , human terms , and in so doing he lent moral and intellectual strength to the notion that government can and should make the elimination of poverty a primary goal for society. ' '",Alan Cranston,chairman of,Senate Committee on Veterans Affairs
Hernandez Galicia was arrested when soldiers blew down his door with a bazooka in a raid on his Ciudad Madero home .,Hernandez Galicia,live in,Ciudad Madero
"In exchange for the South Korean Government 's agreement to withdraw the fleet , our government has allotted the South Korean fleet 32 , 500 tonnes of Alaska pollock in our economic zone in western Kamchatka , the northern Okhotsk Sea fishing area , and ( words indistinct ) Kamchatka region. ( Kuzmenko ) And at the present time , Okhotrybvod vessels with inspectors on board are constantly patrolling the central part of the Okhotsk Sea. ( Korochkin ) Yes , quite right .",Kamchatka,none,Okhotsk Sea
"Psacharapoulos , who died of colon cancer while vacationing , was engaged to be married to actress Jean Hackett of New York City .",Jean Hackett,live in,New York City
Vasquez is charged with violent crime in aid of racketeering in the Guadalajara slayings of U.S. citizens John Walker and Alberto Radelat in January 1985 .,Vasquez,kill,John Walker
Vasquez is charged with violent crime in aid of racketeering in the Guadalajara slayings of U.S. citizens John Walker and Alberto Radelat in January 1985 .,Vasquez,kill,Alberto Radelat
"Khmer Rouge leader Khieu Samphan reportedly made a number of objections on conference organization and procedure but then went along with the majority after Chinese Foreign Qian Qichen met with Monday with him , Sihanouk and the third member of their loose alliance , Son Sann.",Khieu Samphan,leader of,Khmer Rouge
"Aharon Levran , who has researched the Arrow for Bar-Ilan University 's Center for Strategic Studies , calls Pedatzur 's estimate baseless and misleading .",Aharon Levran,work for,Bar-Ilan University
"Aharon Levran , who has researched the Arrow for Bar-Ilan University 's Center for Strategic Studies , calls Pedatzur 's estimate baseless and misleading .",Aharon Levran,work for,Center for Strategic Studies
"In 1818 , suffragist Lucy Stone was born in West Brookfield , Mass .",Lucy Stone,born in,"Brookfield , Mass"
( By ITAR-TASS correspondent Leonid Vinogradov ),Leonid Vinogradov,work for,ITAR-TASS
Hundreds of people spent part of Thanksgiving day remembering President Kennedy with a visit to the downtown building where investigators say Lee Harvey Oswald fired the shots that killed him 27 years ago .,Lee Harvey Oswald,killed,President Kennedy
"The president appeared a bit startled when he saw Ohio 's governor , Democrat Richard Celeste.",Richard Celeste.,governor of,Ohio
Supporters of Quebec 's language restrictions argue that the province is an island of French culture in English-speaking North America and entitled to protect its special qualities .,Quebec,cultural enclave in,North America
"The Soviets will live at the Campbell Farm , a Presbyterian retreat center in Wapato , he said.",Campbell Farm,organization based in,Wapato
"HUNTINGTON , Ind .",HUNTINGTON,none,Ind .
"Sturholm had resigned effective Monday and told friends he intended to pursue interests in writing and video production , said Kathryn Rich , assistant news director for KIRO.",Sturholm,work for,KIRO.
"Sturholm had resigned effective Monday and told friends he intended to pursue interests in writing and video production , said Kathryn Rich , assistant news director for KIRO.",Kathryn Rich,work for,KIRO.
"Jesse Jackson on Sunday was touting his big win in his native South Carolina , while officials struggled to count the final ballots after a record turnout at Democratic caucuses.",Jesse Jackson,native of,South Carolina
Beirut Radio Lebanon,Radio Lebanon,organization based in,Beirut
"Sen. Dennis DeConcini , D-Ariz. , chairman of the Senate Appropriations treasury and postal subcommittee , said Monday he will ask the Bush administration to justify the use of public money when his panel works on spending legislation this week.",Dennis DeConcini,chairman of,Senate Appropriations treasury and postal subcommittee
Senate Bob Dole of Kansas on Tuesday threatened a parliamentary maneuver that could help force passage of President Bush 's savings and loan bailout before Congress goes on vacation by attaching it to essential legislation.,Bob Dole,from,Kansas
"Pacific Marine Inc. of Houston , was located about 15 miles east of Grand Isle.",Pacific Marine Inc.,organization based in,Houston
The Hague ANP,ANP,organization based in,The Hague
"In 1865 , John Wilkes Booth , the assassin of President Abraham Lincoln , was surrounded by federal troops near Bowling Green , Va. , and killed .",John Wilkes Booth,assassin of,President Abraham Lincoln
Andric wrote about the Moslems organising gangs to hunt down Serbs after the young revolutionary Gavrilo Princip assassinated Archduke Ferdinand in Sarajevo in 1914 - one of the events which triggered the first world war .,Gavrilo Princip,kill,Archduke Ferdinand
LD0806223294 Sarajevo Radio Bosnia-Herzegovina Network in Serbo-Croatian 2000 GMT 8 Jun 94,Radio Bosnia-Herzegovina Network,organization based in,Sarajevo
( Text ) Israeli warplanes carried out a raid on Mlita hill in Iqlim al-Tuffah at 1000 today .,Mlita hill,located in,Iqlim al-Tuffah
"The skeleton of a 30-year-old Neanderthal man discovered at the Kebara cave near Haifa in northern Israel in 1983 has yielded the first hyoid bone ever found in primitive man , said Arensberg.",Kebara cave,located in,Israel
"The skeleton of a 30-year-old Neanderthal man discovered at the Kebara cave near Haifa in northern Israel in 1983 has yielded the first hyoid bone ever found in primitive man , said Arensberg.",Haifa,located in,Israel
"James G. Blight and David A. Welch of Harvard University 's John F. Kennedy School of Government say that ` ` if this order had held , war between the superpowers would probably have commenced at sea , shortly after 10 o 'clock on Wednesday morning , Oct. 24 , 1962 , several hundred miles off the coast of Cuba. ' '",James G. Blight,work for,Harvard University
"James G. Blight and David A. Welch of Harvard University 's John F. Kennedy School of Government say that ` ` if this order had held , war between the superpowers would probably have commenced at sea , shortly after 10 o 'clock on Wednesday morning , Oct. 24 , 1962 , several hundred miles off the coast of Cuba. ' '",James G. Blight,work for,John F. Kennedy School of Government
"James G. Blight and David A. Welch of Harvard University 's John F. Kennedy School of Government say that ` ` if this order had held , war between the superpowers would probably have commenced at sea , shortly after 10 o 'clock on Wednesday morning , Oct. 24 , 1962 , several hundred miles off the coast of Cuba. ' '",David A. Welch,work for,Harvard University
"James G. Blight and David A. Welch of Harvard University 's John F. Kennedy School of Government say that ` ` if this order had held , war between the superpowers would probably have commenced at sea , shortly after 10 o 'clock on Wednesday morning , Oct. 24 , 1962 , several hundred miles off the coast of Cuba. ' '",David A. Welch,work for,John F. Kennedy School of Government
"Lee Harvey Oswald bore a grudge against Texas Gov. John Connally and may have intended to kill him instead of President John F. Kennedy , according to a new book .",Lee Harvey Oswald,intended to kill,President John F. Kennedy
GE spokesman Richard Kennedy said Wednesday that the factory made a timer valve for the CFM56 engine used by the Boeing 737-400 as well as a check and drain valve for the F404 engine aboard the Navy 's FA-18 fighter .,Richard Kennedy,work for,GE
"In 1767 , the seventh president of the United States , Andrew Jackson , was born in Waxhaw , S.C.",Richard Kennedy,work for,GE
"` ` I tried and tried , but he said he wouldn 't answer questions on the substance of his case , ' ' said Robert Weisner , the Washington correspondent for state-run Austrian television.",Robert Weisner,works in,Washington
"In 1905 , actor Henry Fonda was born in Grand Island ,Neb.",Robert Weisner,works in,Washington
President Reagan has ordered the State Department to devise a payment schedule for repaying all U.S. arrears ;,Reagan,work for,U.S.
President Reagan has ordered the State Department to devise a payment schedule for repaying all U.S. arrears ;,State Department,work for,U.S.
"Mrs. Rose hired Abebe Worke , one of Ethiopia 's most distinguished lawyers and a former member of the country 's High Court , to investigate.",Abebe Worke,work for,Ethiopia
"Mrs. Rose hired Abebe Worke , one of Ethiopia 's most distinguished lawyers and a former member of the country 's High Court , to investigate.",Abebe Worke,former member,High Court
"An air bubble trapped in watertight compartments would be the only oxygen for any survivors , said Coast Guard Lt. Steve Hardy , but he did not estimate how long any trapped crewmen could survive.",Steve Hardy,work for,Coast Guard
LD0506194194 Paris Radio France International in French 1830 GMT 5 Jun 94,Radio France International,organization based in,Paris
"The June celebration of cruising , started two years after Modesto native George Lucas ' film was released in 1973 , draws up to 100 , 000 people in 30 , 000 cars .",George Lucas,from,Modesto
"The PRI candidate placed second with 37 percent followed by Cardenas , candidate of the PRD ( Party of the Democratic Revolution ) , with 9 percent .",Cardenas,work for,PRD
"The PRI candidate placed second with 37 percent followed by Cardenas , candidate of the PRD ( Party of the Democratic Revolution ) , with 9 percent .",Cardenas,work for,Party of the Democratic Revolution
"Ludwig Rinn , who died in 1942 , invented the tiny camera in 1938 in Riga , Latvia , in what is now the Soviet Union .",Riga,located in,Latvia
"Ludwig Rinn , who died in 1942 , invented the tiny camera in 1938 in Riga , Latvia , in what is now the Soviet Union .",Riga,was part of,Soviet Union
"Ludwig Rinn , who died in 1942 , invented the tiny camera in 1938 in Riga , Latvia , in what is now the Soviet Union .",Latvia,was part of,Soviet Union
"Sevket Kazan , deputy leader of the RP ( Welfare Party ) parliamentary group , said : The DEP made this decision fearing that it will not be able to win the elections .",Sevket Kazan,work for,RP
"Sevket Kazan , deputy leader of the RP ( Welfare Party ) parliamentary group , said : The DEP made this decision fearing that it will not be able to win the elections .",Sevket Kazan,work for,Welfare Party
The sources added that patrolling of malls was increased during the Christmas period following the discovery of fire bombs installed in teddy bears in a mall in Santiago and in a shop in southern Chile.,Sevket Kazan,work for,Welfare Party
"Actress Angie Dickinson , who was born in Kulm , N.D. , donated a coat she wore to the 1966 Academy Awards",Sevket Kazan,work for,Welfare Party
"( Text ) The National Space Development Agency of Japan ( NASDA ) will soon start remodeling the domestically-made , large-scale H-2 rocket , which was successfully test-launched recently .",The National Space Development Agency,organization based in,Japan
Prague Radiozurnal Radio Network,Radiozurnal Radio Network,organization based in,Prague
"David Peterson , 37 , a mental patient at Connecticut Valley Hospital in Middletown , was charged with murder.",Connecticut Valley Hospital,organization based in,Middletown
"Lennon was fatally shot by Mark David Chapman outside the Dakota on Dec. 8 , 1980.",Mark David Chapman,killed,Lennon
"David Cicippio , an electronics technician from North Wales , Pa. , voiced frustration with the latest ordeal , which was provoked by the Israeli abduction of a Shiite Moslem cleric , Sheik Abdul Karim Obeid , last week.",David Cicippio,live in,North Wales
"David Cicippio , an electronics technician from North Wales , Pa. , voiced frustration with the latest ordeal , which was provoked by the Israeli abduction of a Shiite Moslem cleric , Sheik Abdul Karim Obeid , last week.",David Cicippio,live in,Pa.
"David Cicippio , an electronics technician from North Wales , Pa. , voiced frustration with the latest ordeal , which was provoked by the Israeli abduction of a Shiite Moslem cleric , Sheik Abdul Karim Obeid , last week.",North Wales,live in,Pa.
"On this date : In 1758 , the fifth president of the United States , James Monroe , was born in Westmoreland County , Va .",North Wales,live in,Pa.
Moscow INTERFAX,INTERFAX,organization based in,Moscow
"At a large truck stop east of the airport , some 2 , 000 truck drivers and campers waited for the winds to die down , said Lance Davis , general manager of Truck Stops of America in Ontario .",Lance Davis,work for,Truck Stops of America
"At a large truck stop east of the airport , some 2 , 000 truck drivers and campers waited for the winds to die down , said Lance Davis , general manager of Truck Stops of America in Ontario .",Lance Davis,organization based in,Ontario
"At a large truck stop east of the airport , some 2 , 000 truck drivers and campers waited for the winds to die down , said Lance Davis , general manager of Truck Stops of America in Ontario .",Truck Stops of America,organization based in,Ontario
"Barbara Houser , attorney for the Peruvian silver mining company Minpeco S.A. , which seeks $251 million , said she also has a plan prepared.",Barbara Houser,work for,Minpeco S.A.
"Loei Opium Eradication Incomplete 94WD0125D Bangkok DAO SIAM in Thai 20 Nov 93 pp 15 , 18",DAO SIAM,organization based in,Bangkok
"SEOUL , South Korea ( AP )",SEOUL,none,South Korea
"SEOUL , South Korea ( AP )",AP,organization based in,SEOUL
"SEOUL , South Korea ( AP )",AP,organization based in,South Korea
"Nevertheless , Indemerc-Louis Harris President Vicente Licona said that most of this support has gone to Labor Party ( PT ) candidate Cecilia Soto , while support for the remaining contenders in this group has shown little or no change .",Vicente Licona,work for,Indemerc-Louis Harris
"Nevertheless , Indemerc-Louis Harris President Vicente Licona said that most of this support has gone to Labor Party ( PT ) candidate Cecilia Soto , while support for the remaining contenders in this group has shown little or no change .",Cecilia Soto,candidate for,Labor Party
"Regarding the declaration on the situation in Angola , African states welcomed the acceptance by the Angolan Government of the proposals on national reconciliation and the efforts and the initiatives made by the United Nations to build trust between the parties and put forward proposals to reach compromise solutions on highly sensitive matters to both the parties to the conflicts .",Angolan Government,organization based in,Angola
"MEMPHIS , Tenn .",MEMPHIS,located in,Tenn .
"The newly elected deputies were also greeted by a guest from Moscow , Russian State Duma Deputy Konstantin Zatulin , who expressed his confidence that the new parliament has the possibility to open a new chapter in Crimean history , and that the Crimea will become a promised land for everybody .",Russian State Duma,organization based in,Moscow
"The newly elected deputies were also greeted by a guest from Moscow , Russian State Duma Deputy Konstantin Zatulin , who expressed his confidence that the new parliament has the possibility to open a new chapter in Crimean history , and that the Crimea will become a promised land for everybody .",Konstantin Zatulin,work for,Moscow
"The newly elected deputies were also greeted by a guest from Moscow , Russian State Duma Deputy Konstantin Zatulin , who expressed his confidence that the new parliament has the possibility to open a new chapter in Crimean history , and that the Crimea will become a promised land for everybody .",Konstantin Zatulin,work for,Russian State Duma
Thurgood Marshall was born in Baltimore in 1908 .,Thurgood Marshall,born in,Baltimore
"In San Diego County , a 50-acre fire fanned by 60 mph winds burned out of control Thursday afternoon near the city of Ramona , the California Department of Forestry reported .",Ramona,none,San Diego
"In 1872 , the 30th U.S. president , Calvin Coolidge , was born in Plymouth , Vt .",Ramona,none,San Diego
Lt. Jim Bowell of the Butler Township Fire Department said the 4 : 45 a.m. accident set fire to about 100 yards of woods .,Jim Bowell,work for,Butler Township Fire Department
"TRENTON , N.J.",TRENTON,located in,N.J.
"Soprano Judy Kaye , who won a Tony on Broadway last year , stars in the New York Opera Repertory Theater production , and is splendid in the pivotal role of Abbie .",Judy Kaye,work for,New York Opera Repertory Theater
Chapman said he first got the idea for killing Lennon when he came across a Beatles picture book in a Honolulu library .,Chapman,kill,Lennon
"The Bench , which made these orders after perusal of the affidavits concerned , however , said that there was no justification for proceeding against Mr. Vishnu Hari Dalmia , leader of the banned VHP .",Mr. Vishnu Hari Dalmia,leader of,VHP
"A memorial to President Kennedy on the sixth floor of the former Texas Schoolbook Depository , from which Lee Harvey Oswald allegedly fired the shots that killed him , will open on Presidents Day , organizers say.",Lee Harvey Oswald,kill,President Kennedy
"It 's a political problem , ' ' said Ernest L. Boyer , a national spokesman for reform and president of the Carnegie Foundation for the Advancement of Teaching , which has produced several reports on urban school problems .",Ernest L. Boyer,work for,Carnegie Foundation for the Advancement of Teaching
"Police are investigating to determine the origin of the four children who , according to Martina Matzar , are from Santa Catarina Palopo , Solola .",Santa Catarina Palopo,located in,Solola
"Someone cut ropes holding up the plastic foam , wood and plaster figure Sunday night and it crashed to the ground at the entrance of the Chinese Consolidated Benevolent Association , said President Stephen K. Yee.",Stephen K. Yee.,President of,Chinese Consolidated Benevolent Association
"The compliment is doubly interesting because Tom Wolfe , born in Richmond , was one of the best known early practitioners of the so-called "" new journalism , "" a high-rolling , lively , often reckless style of reporting .",Tom Wolfe,born in,Richmond
"Louis W. Parker , born in Budapest , Hungary , who is credited with developing the television receiver.",Tom Wolfe,born in,Richmond
"` ` Crop rotation may be the answer to sustaining long-term productivity of our land to provide billions of people with food , fuel and other renewable resources , ' ' says Gary H. Heichel , a plant physiologist with the USDA 's agricultural research service.",Gary H. Heichel,work for,USDA
Sao Paulo O ESTADO DE SAO PAULO,O ESTADO DE SAO PAULO,organization based in,Sao Paulo
"It 's called the Sixth Floor , after the location -- the sixth floor of the old Texas School Book Depository , from which Lee Harvey Oswald fired the shots that killed Kennedy .",Lee Harvey Oswald,kill,Kennedy
"In 1782 , the first president who was a native citizen of the UnitedStates , Martin Van Buren , was born in Kinderhook , N.Y.",Lee Harvey Oswald,kill,Kennedy
"Both high level employees as well as lower-level ones were obliged to clear out , to run away because of threats by 18 January Senator Osny Eugene , the quaestor of the unofficial Senate office who was very angry and took off his jacket so he could drive employees out .",Osny Eugene,work for,Senate
Agents of the FBI and the Environmental Protection Agency raided the Rocky Flats plutonium processing plant in Colorado and the Fernald uranium processing plant in Ohio this summer.,Rocky Flats,organization based in,Colorado
Agents of the FBI and the Environmental Protection Agency raided the Rocky Flats plutonium processing plant in Colorado and the Fernald uranium processing plant in Ohio this summer.,Fernald,organization based in,Ohio
Berlin N-TV,N-TV,organization based in,Berlin
"HK1306023694 Beijing JINGJI YANJIU in Chinese No 3 , 20 Mar 94 pp 43 , 67-70",JINGJI YANJIU,organization based in,Beijing
"KHARTOUM , Sudan ( AP )",KHARTOUM,none,Sudan
"The disclosure was contained in a half-inch-thick statement from James Cirona , president of the Federal Home Loan Bank of San Francisco .",James Cirona,work for,Federal Home Loan Bank
"The disclosure was contained in a half-inch-thick statement from James Cirona , president of the Federal Home Loan Bank of San Francisco .",James Cirona,organization based in,San Francisco
"The disclosure was contained in a half-inch-thick statement from James Cirona , president of the Federal Home Loan Bank of San Francisco .",Federal Home Loan Bank,organization based in,San Francisco
"In 1901 , President McKinley 's assassin , Leon Czolgosz , was electrocuted .",Leon Czolgosz,assassin of,President McKinley
"This April 14 is the 125th anniversary of the night when Lincoln , the 16th president , was assassinated by John Wilkes Booth in the presidential box at Ford 's Theatre .",John Wilkes Booth,assassinated,Lincoln
"The following are the grounds of this assumption : First , it is too late to negotiate because our government already agreed to the UR basic principles on 15 December 1993 , presented our final "" country schedule "" for market opening , and signed the final protocol acknowledging the overall outcome of the UR round at Marrackech , Morocco , on 12 April this year .",Marrackech,located in,Morocco
""" IAI engineers are trying to enter completely new fields where unknowns dominate , "" says Reuven Pedatzur , a defense researcher who last month released a report on the Arrow for the Jaffe Center for Strategic Studies .",Reuven Pedatzur,work for,Jaffe Center for Strategic Studies
Moscow NEZAVISIMAYA GAZETA,NEZAVISIMAYA GAZETA,organization based in,Moscow
"Among the assassins -- accused , convicted or would-be -- are Jace Alexander as Lee Harvey Oswald , Victor Garber as John Wilkes Booth , Debra Monk as Sara Jane Moore , Greg Germann as John Hinckley , Annie Golden as Lynette "" Squeaky "" Fromme ( who tried to kill President Ford ) and Terrence Mann as Leon Czolgosz ( who assassinated President McKinley ) .",Leon Czolgosz,kill,President McKinley
"Joe Weitz , another Emery employee , said the plane appeared to burst into flame shortly after it cleared the runway .",Joe Weitz,work for,Emery
"An Army panel said Monday it will consider next month whether to expunge Dr. Samuel Mudd 's 126-year-old conviction on charges of aiding Lincoln 's killer , John Wilkes Booth , by setting Booth 's broken leg after the assassination. ;",John Wilkes Booth,kill,Lincoln
"In a bizarre allegation , Anderson said the same photo analysts also concluded that a picture of three hobos near the shooting scene taken shortly after the killing appear to show Watergate conspirator E. Howard Hunt and James Earl Ray , the killer of Martin Luther King Jr .",James Earl Ray,killer of,Martin Luther King Jr
"Until there is discussion of the candidature of a new minister of foreign affairs , his duties will be discharged by Birkavs himself ; but Gunars Meierovics ( minister of state for Baltic and Nordic affairs ) , Olgerts Pavlovskis ( minister of state for foreign trade and European Community affairs ) , and Martins Virsis ( first deputy minister of foreign affairs ) have been instructed to fulfill the positions they have held until now .",Olgerts Pavlovskis,work for,European Community
"Portland , Maine 11 fair ;",Portland,none,Maine
"John Mazor , spokesman for the Air Line Pilots Association , said he could not recall a specific incident of cross-wiring , but added , ` ` It is not unheard of for brand new aircraft to come off the assembly line with wires crossed or systems improperly configured. ' '",John Mazor,work for,Air Line Pilots Association
""" Bellona "" members Nils Bemer and Tomas Nilsen ( both names as transliterated ) have gained access to Northern Fleet documents which state that in accordance with the START II treaty within the next few years Russia must destroy 150 nuclear submarines with 278 reactors on board .",Nils Bemer,work for,Bellona
""" Bellona "" members Nils Bemer and Tomas Nilsen ( both names as transliterated ) have gained access to Northern Fleet documents which state that in accordance with the START II treaty within the next few years Russia must destroy 150 nuclear submarines with 278 reactors on board .",Tomas Nilsen,work for,Bellona
""" Bellona "" members Nils Bemer and Tomas Nilsen ( both names as transliterated ) have gained access to Northern Fleet documents which state that in accordance with the START II treaty within the next few years Russia must destroy 150 nuclear submarines with 278 reactors on board .",Northern Fleet,organization based in,Russia
Writer Elmore ( Dutch ) Leonard lives in suburban Birmingham and actor Tom Selleck _ who was born in Detroit _ lives in Southern California.,Tom Selleck,born in,Detroit
Mrs. Tsuruyama is from Yatsushiro in Kumamoto Prefecture in southern Japan .,Mrs. Tsuruyama,from,Yatsushiro
Mrs. Tsuruyama is from Yatsushiro in Kumamoto Prefecture in southern Japan .,Mrs. Tsuruyama,live in,Kumamoto Prefecture
Mrs. Tsuruyama is from Yatsushiro in Kumamoto Prefecture in southern Japan .,Mrs. Tsuruyama,live in,Japan
Mrs. Tsuruyama is from Yatsushiro in Kumamoto Prefecture in southern Japan .,Yatsushiro,located in,Kumamoto Prefecture
Mrs. Tsuruyama is from Yatsushiro in Kumamoto Prefecture in southern Japan .,Yatsushiro,located in,Japan
Mrs. Tsuruyama is from Yatsushiro in Kumamoto Prefecture in southern Japan .,Kumamoto Prefecture,part of,Japan
Voices ` Disgust ' at Reports PM1602093194 Moscow KRASNAYA ZVEZDA in Russian 16 Feb 94 p 1,KRASNAYA ZVEZDA,organization based in,Moscow
"( Editorial Report ) Panama City Circuito RPC Television in Spanish at 0200 GMT on 9 March broadcasts its 60-minute "" Democracy 94 "" program , which features a live or recorded interview with Ruben Blades , presidential candidate of the Papa Egoro Movement , MPE , by Hugo Enrique Famania .",Ruben Blades,presidential candidate of,Papa Egoro Movement
"( Editorial Report ) Panama City Circuito RPC Television in Spanish at 0200 GMT on 9 March broadcasts its 60-minute "" Democracy 94 "" program , which features a live or recorded interview with Ruben Blades , presidential candidate of the Papa Egoro Movement , MPE , by Hugo Enrique Famania .",Ruben Blades,presidential candidate of,MPE
"In 1872 , the 30th president of the United States , Calvin Coolidge , was born in Plymouth , Vt .",Calvin Coolidge,born in,"Plymouth , Vt"
"By a 4-3 vote , the justices refused to reinstate the death sentence of John Harvey Adamson , convicted of murdering newspaper reporter Don Bolles in 1976 .",John Harvey Adamson,kill,Don Bolles
"Dr. David Graham of the Veterans Administration O Center in Houston , who has also studied the new drug , said some experts are concerned about the long-term effects of shutting down acid secretion almost completely .",David Graham,work for,Veterans Administration O Center
"Dr. David Graham of the Veterans Administration O Center in Houston , who has also studied the new drug , said some experts are concerned about the long-term effects of shutting down acid secretion almost completely .",Veterans Administration O Center,organization based in,Houston
"Linguist Phillip Lieberman of Brown Univeristy in Providence , R.I. , was quoted as saying : ` ` At this point , the Kebara hyoid doesn 't tell us anything about the evolution of speech and language. ' '",Phillip Lieberman,work for,Brown Univeristy
"Linguist Phillip Lieberman of Brown Univeristy in Providence , R.I. , was quoted as saying : ` ` At this point , the Kebara hyoid doesn 't tell us anything about the evolution of speech and language. ' '",Phillip Lieberman,organization based in,Providence
"Linguist Phillip Lieberman of Brown Univeristy in Providence , R.I. , was quoted as saying : ` ` At this point , the Kebara hyoid doesn 't tell us anything about the evolution of speech and language. ' '",Phillip Lieberman,organization based in,R.I.
"Linguist Phillip Lieberman of Brown Univeristy in Providence , R.I. , was quoted as saying : ` ` At this point , the Kebara hyoid doesn 't tell us anything about the evolution of speech and language. ' '",Phillip Lieberman,organization based in,R.I.
"Linguist Phillip Lieberman of Brown Univeristy in Providence , R.I. , was quoted as saying : ` ` At this point , the Kebara hyoid doesn 't tell us anything about the evolution of speech and language. ' '",Phillip Lieberman,organization based in,R.I.
"Linguist Phillip Lieberman of Brown Univeristy in Providence , R.I. , was quoted as saying : ` ` At this point , the Kebara hyoid doesn 't tell us anything about the evolution of speech and language. ' '",Providence,organization based in,R.I.
"Chris Herr , shearer for the winning Wool Wizards , finished his sheep first in about 2 -LCB- minutes .",Chris Herr,work for,Wool Wizards
"If there has been an undisputed rookie of the season it has been Camden Yards , home of the Baltimore Orioles , a distinguished new-old stadium built on the spot where Babe Ruth is believed to have been born and nestling majestically among the warehouses of the inner city .",Babe Ruth,birthplace location of,Camden Yards
"As to what should be the priority and how decisions should be made , the regime in power can decide about that. ( passage omitted on Ozawa 's assessment of postwar politics ) What Kind of Person Is "" Ichiro Ozawa "" ? ( Oikawa ) Some people are accusing you of forming a dual power structure in the ruling coalition in the same way as Kakuei Tanaka and Noboru Takeshita of the Liberal Democratic Party ( LDP ) did in the past .",Kakuei Tanaka,work for,Liberal Democratic Party
"As to what should be the priority and how decisions should be made , the regime in power can decide about that. ( passage omitted on Ozawa 's assessment of postwar politics ) What Kind of Person Is "" Ichiro Ozawa "" ? ( Oikawa ) Some people are accusing you of forming a dual power structure in the ruling coalition in the same way as Kakuei Tanaka and Noboru Takeshita of the Liberal Democratic Party ( LDP ) did in the past .",Noboru Takeshita,work for,Liberal Democratic Party
"James Dickey , Georgia born , has been writer in residence at the University of South Carolina for 23 years now .",James Dickey,born in,Georgia
The Warren Commission later concluded that Oswald shot Kennedy from a sniper 's perch in the Texas Schoolbook Depository building on the edge of downtown Dallas .,Oswald,kill,Kennedy
"It is also known that Booth wore false whiskers when he arrived at the doctor 's house after shooting Lincoln , and it is possible that Mudd didn 't recognize Booth .",Booth,kill,Lincoln
"The shipment of beef , worth about $100 , 000 , was processed by Cox Packing Co. in Devine , near San Antonio , and being sent to TSW Meats Ltd. of Liverpool .",Cox Packing Co.,organization based in,Devine
"The shipment of beef , worth about $100 , 000 , was processed by Cox Packing Co. in Devine , near San Antonio , and being sent to TSW Meats Ltd. of Liverpool .",TSW Meats Ltd.,organization based in,Liverpool
"Gallup Indian Center , N.M. ;",Gallup Indian Center,located in,N.M.
"Smith said there have been a number of successful civil cases against gun retailers in other states , including a recent judgment against K mart in a similar case in St. Claire Shores , Mich .",K mart,involved in legal case in,St. Claire Shores
"Smith said there have been a number of successful civil cases against gun retailers in other states , including a recent judgment against K mart in a similar case in St. Claire Shores , Mich .",K mart,organization based in,Mich .
"Smith said there have been a number of successful civil cases against gun retailers in other states , including a recent judgment against K mart in a similar case in St. Claire Shores , Mich .",St. Claire Shores,located in,Mich .
"His descendants founded the Minox company in Heuchelheim on Jan. 3 , 1949 .",Minox company,organization based in,Heuchelheim
"Author Jim Moore was invited to argue his viewpoint : that Oswald , acting alone , killed Kennedy. ;",Minox company,organization based in,Heuchelheim
"( Text ) Hefei , February 11 ( XINHUA ) -- Wherever you travel across the country , you are likely to find farmers from Anhui Province working on construction sites , in markets or fields , or serving as housekeepers .",XINHUA,organization based in,Hefei
"U.S. diplomat Felix S. Bloch , suspected of spying for the Soviets , sipped grapefruit juice and calmly watched for 45 minutes as a foreign correspondent showed him videotapes and clippings of how his story is being told in his native Austria.",Felix S. Bloch,work for,U.S.
Bork agreed there was an irony in his appearance since the man confirmed for the seat Bork had been up for _ Anthony M. Kennedy _ voted with the majority in the Supreme Court 's 5-4 ruling that flag burning is protected free speech.,Anthony M. Kennedy,work for,Supreme Court
"( Text ) We have learned from a reliable source that Jean-Verdy Bastien , owner of the Celeste Borlette Banks and the private radio station Celeste FM , was assassinated on the night of 4 May at about 2200 in upper Delmas .",Jean-Verdy Bastien,owner,Celeste Borlette Banks
"( Text ) We have learned from a reliable source that Jean-Verdy Bastien , owner of the Celeste Borlette Banks and the private radio station Celeste FM , was assassinated on the night of 4 May at about 2200 in upper Delmas .",Jean-Verdy Bastien,owner of,Celeste FM
"If family tradition claims a connection to Jesse James , for example , as many Midwestern families ' histories do , start your research about Jesse James in an encyclopedia , which will tell you he was born near Kearney ( then Centerville ) in Clay County , Mo. , on Sept. 5 , 1847 , and died in St. Joseph , Mo. , on April 3 , 1882 , and that his family was originally from Kentucky .",Jesse James,born in,Kearney
"If family tradition claims a connection to Jesse James , for example , as many Midwestern families ' histories do , start your research about Jesse James in an encyclopedia , which will tell you he was born near Kearney ( then Centerville ) in Clay County , Mo. , on Sept. 5 , 1847 , and died in St. Joseph , Mo. , on April 3 , 1882 , and that his family was originally from Kentucky .",Jesse James,born in,Centerville
"If family tradition claims a connection to Jesse James , for example , as many Midwestern families ' histories do , start your research about Jesse James in an encyclopedia , which will tell you he was born near Kearney ( then Centerville ) in Clay County , Mo. , on Sept. 5 , 1847 , and died in St. Joseph , Mo. , on April 3 , 1882 , and that his family was originally from Kentucky .",Jesse James,born in,Centerville
"` ` This is the first time someone brought back tangible evidence of these aircraft , ' ' said Epps , owner of Epps Aviation at suburban DeKalb Peachtree Airport , where the expedition returned in a DC-3 Monday.",Epps,owner of,Epps Aviation
"` ` This is the first time someone brought back tangible evidence of these aircraft , ' ' said Epps , owner of Epps Aviation at suburban DeKalb Peachtree Airport , where the expedition returned in a DC-3 Monday.",Epps Aviation,organization based in,DeKalb Peachtree Airport
Croatia 's Granic Admits Downed Planes Took Off From Croatia LD0303083794 Moscow ITAR-TASS in English 0729 GMT 3 Mar 94,Granic,organization based in,Croatia
Croatia 's Granic Admits Downed Planes Took Off From Croatia LD0303083794 Moscow ITAR-TASS in English 0729 GMT 3 Mar 94,Granic,organization based in,Croatia
Remodeling Planned To Improve H-2 Rocket Launch OW2202091394 Tokyo MAINICHI SHIMBUN in Japanese 21 Feb 94 Morning Edition p 11 -- FOR OFFICIAL USE ONLY,MAINICHI SHIMBUN,organization based in,Tokyo
"In 1800 , the 13th president of the United States , Millard Fillmore , was born in Summerhill , N.Y. In 1927 , commercial transatlantic telephone service was inaugurated between New York and London .",MAINICHI SHIMBUN,organization based in,Tokyo
"Last month , Harrington was named honorary president of the Socialist International at its centennial conference in Stockholm , Sweden.",MAINICHI SHIMBUN,organization based in,Tokyo
"A reading of the unpublished "" Written in My Dream by William Carlos Williams "" led to an impromptu lecture by Ginsberg on his fellow New Jersey native , whose use of vernacular and vivid description were a great influence on Ginsberg and other Beat poets .",Ginsberg,fellow native,New Jersey
"Darci Alves Pereira stunned a packed courtroom by admitting he shot Mendes on Dec. 22 , 1988 , shortly after dark outside his home in this remote Amazon town near Bolivia 's border , 2 , 650 miles northwest of Rio de Janeiro .",Darci Alves Pereira,kill,Mendes
"Crews finished cutting a line of bare earth around the blaze early today and expected full control Wednesday , said Forest Service spokeswoman Margie Clack.",Margie Clack.,work for,Forest Service
"Pennsylvania Academy of the Fine Arts , Philadelphia : "" Sculptures by Duane Hanson "" -- Seventeen life-size and extraordinarily lifelike polyvinyl people sculptures created by this Minnesota born artist .",Duane Hanson,born in,Minnesota
"LANCASTER , Ky.",LANCASTER,none,Ky.
"This volume of policy guidance documents , compiled like an encyclopedia and approved by the Chinese Government , expounds the strategy for sustained development in China and will certainly serve as guidance for drawing up long- and medium-range economic and social development plans for China .",Chinese Government,organization based in,China
"This volume of policy guidance documents , compiled like an encyclopedia and approved by the Chinese Government , expounds the strategy for sustained development in China and will certainly serve as guidance for drawing up long- and medium-range economic and social development plans for China .",Chinese Government,organization based in,China
"One year ago : Senate minority leader Bob Dole formally announced his bid for the Republican presidential nomination during a visit to his hometown of Russell , Kan .",Bob Dole,hometown,"Russell , Kan"
"George Washington ( first President ) : Born Feb. 22 , 1732 , in Westmoreland County .",George Washington,born in,Westmoreland County
""" We didn 't get a lot of the test objectives done , "" Col. Harold Richardson of the U.S. Strategic Defense Initiative Office told the U.S. magazine Defense News .",Harold Richardson,work for,U.S. Strategic Defense Initiative Office
"On the eve of Clinton 's visit Madeleine Albright , U.S. representative to the United Nations , and John Shalikashvili , chairman of the Joint Chiefs of Staff , are going to see the East Europeans in order to prepare them properly to take on board the U.S. plan .",John Shalikashvili,work for,Joint Chiefs of Staff
Bangkok THE NATION,THE NATION,organization based in,Bangkok
"The Warren Commission 's central conclusion , that Mr Kennedy was killed by Lee Harvey Oswald acting alone , has been backed up by most serious inquiries since then , with the exception of a 1979 House of Representatives select committee chaired by Mr Louis Stokes , an Ohio Democrat , which found that a second gunman probably fired at Mr Kennedy and missed .",Lee Harvey Oswald,kill,Mr Kennedy
"Ciacelli 's latest headway has been with the Dallas County Historical Association , which he has spoken to about taking over a floor of the Book Depository , from where Lee Harvey Oswald supposedly shot Kennedy .",Lee Harvey Oswald,kill,Kennedy
Officials in Perugia in Umbria province said five people were arrested there Tuesday night after police stopped their car and found $1 million in bogus bills in the trunk .,Perugia,located in,Umbria
"But Bowier said it was not surprising because of ` ` extremely cordial relations ' ' that existed between the newspaper and former President William Tolbert , assassinated in an April 1980 coup led by Gen. Samuel K. Doe .",Gen. Samuel K. Doe,kill,President William Tolbert
"A 1 , 500-pound copy of the Goddess of Democracy was toppled from its Chinatown perch , but an artist said the statue erected to protest the bloody Beijing crackdown will be quickly rebuilt.",Goddess of Democracy,located in,Chinatown
"Pereira 's father , rancher Darly Alves da Silva , was convicted of planning the shotgun slaying of Mendes , an internationally known crusader for the preservation of the Amazon forest from destruction by ranchers and loggers .",Darly Alves da Silva,kill,Mendes
"Although Sirhan shot Kennedy in full view of numerous spectators , controversy arose later about how many shots were fired and whether a second gunman was involved .",Sirhan,kill,Kennedy
"The mounting debt exasperated U.N. Secretary-General Javier Perez de Cuellar as the world body embarked on new , costly peacekeeping ventures .",Javier Perez de Cuellar,work for,U.N.
"Very strong south winds accompanied the storm system , with 50-to 70-mph wind gusts reported near Grande Isle and St. Albans , Vt. , blowing down a large radio tower and causing several power outages .",Grande Isle,none,Vt.
"Very strong south winds accompanied the storm system , with 50-to 70-mph wind gusts reported near Grande Isle and St. Albans , Vt. , blowing down a large radio tower and causing several power outages .",St. Albans,located in,Vt.
"The Congress , as an institution and as one of the three state branches , is willing to respect and always obey the legal opinions handed down by any court that has jurisdiction. ( Unidentified reporter ) What is your opinion about the paid advertisement by Alvaro Arzu , one of the secretaries of the National Vanguard Party ( PAN ) , who points out that the corruption in Congress and... ( Second unidentified reporter , interrupting ) Saying it is responsible for the whole crisis... ( Villar Anleu , interrupting ) I say what I have always said : We respect the opinion of any Guatemalan citizen .",Alvaro Arzu,work for,National Vanguard Party
"( Excerpts ) In Djibouti , a demonstration in the Afar district of Arhiba was violently repressed by the police this morning. ( passage omitted ) Djama Elabe , the chairman of the Party for Democratic Renewal , is outraged at what happened .",Afar district,location in,Djibouti
"( Excerpts ) In Djibouti , a demonstration in the Afar district of Arhiba was violently repressed by the police this morning. ( passage omitted ) Djama Elabe , the chairman of the Party for Democratic Renewal , is outraged at what happened .",Afar district,location of,Arhiba
"( Excerpts ) In Djibouti , a demonstration in the Afar district of Arhiba was violently repressed by the police this morning. ( passage omitted ) Djama Elabe , the chairman of the Party for Democratic Renewal , is outraged at what happened .",Arhiba,location in,Djibouti
"( Excerpts ) In Djibouti , a demonstration in the Afar district of Arhiba was violently repressed by the police this morning. ( passage omitted ) Djama Elabe , the chairman of the Party for Democratic Renewal , is outraged at what happened .",Djama Elabe,chairman of,Party for Democratic Renewal
"Mount Blanc , Western Europe 's highest peak , is 10.6 feet shorter than reported on world maps , the Italian army 's Geographic Institute reported Thursday .",Mount Blanc,highest peak of,Western Europe
"Also being considered are Judge Ralph K. Winter of the 2nd U.S. Circuit Court of Appeals in New York City and Judge Kenneth Starr of the U.S. Circuit Court of Appeals for the District of Columbia , said the source , who spoke on condition of anonymity .",Ralph K. Winter,work for,2nd U.S. Circuit Court of Appeals
"Also being considered are Judge Ralph K. Winter of the 2nd U.S. Circuit Court of Appeals in New York City and Judge Kenneth Starr of the U.S. Circuit Court of Appeals for the District of Columbia , said the source , who spoke on condition of anonymity .",2nd U.S. Circuit Court of Appeals,organization based in,New York City
"Also being considered are Judge Ralph K. Winter of the 2nd U.S. Circuit Court of Appeals in New York City and Judge Kenneth Starr of the U.S. Circuit Court of Appeals for the District of Columbia , said the source , who spoke on condition of anonymity .",Kenneth Starr,work for,U.S. Circuit Court of Appeals
"Also being considered are Judge Ralph K. Winter of the 2nd U.S. Circuit Court of Appeals in New York City and Judge Kenneth Starr of the U.S. Circuit Court of Appeals for the District of Columbia , said the source , who spoke on condition of anonymity .",U.S. Circuit Court of Appeals,organization based in,District of Columbia
"Diplomatic Correspondents Igor Porshnev , Vitaly Trubetskoi and others ) ( Text ) Russia "" resolutely condemns the senseless subversive activity of those , who seek to cast shadow on the elections to the first non-racial parliament in South Africa , "" said the Foreign Ministry spokesman , Grigory Karasin , at Thursday 's ( 28 April ) briefing in Moscow .",Grigory Karasin,work for,Foreign Ministry
"While guiding farmers to work outside Anhui in a planned way , this east China province has set up more than 3 , 000 small towns specially for farmers .",Anhui,part of,China
LD1005194694 Berlin N-TV in German 1900 GMT 10 May 94,N-TV,organization based in,Berlin
Coastal Southern California as well as the eastern half of the Gulf Coast region across northwest Florida to the southern Atlantic Coast will have highs in the 60s .,Florida,part of,Gulf Coast
"` ` Weather like this is awful for restaurants , ' ' said Lou Ray , owner of the Smokehouse cafe in Fontana .",Lou Ray,organization based in,Fontana
NC2005205494 Athens I KATHIMERINI in Greek 20 May 94 p 5,I KATHIMERINI,organization based in,Athens
"In 1879 , humorist Will Rogers was born in Oologah , Okla .",Will Rogers,born in,"Oologah , Okla"
"FRESNO , Calif.",FRESNO,none,Calif.
"Healy president George Malina said he did nt know how any criminal wrongdoing could be found in the accident , which developed out of unanticipated conditions , not out of any willful acts.",George Malina,work for,Healy
Athens I KATHIMERINI,I KATHIMERINI,organization based in,Athens
"The names were picked by actress Cybill Shepherd , a Memphis native and mother of twins herself , from more than 2 , 300 suggestions entered in a contest .",Cybill Shepherd,from,Memphis
"Perez de Cuellar said in December , when he accepted the 1988 Nobel Peace Prize on behalf of U.N. peacekeepers , that the failure of members to pay dues threatens the work of the United Nations .",Perez de Cuellar,work for,U.N.
"Perez de Cuellar said in December , when he accepted the 1988 Nobel Peace Prize on behalf of U.N. peacekeepers , that the failure of members to pay dues threatens the work of the United Nations .",Perez de Cuellar,work for,United Nations
"In 1963 , he was riding in the motorcade with President Kennedy when Kennedy was fatally shot by Lee Harvey Oswald in Dallas. ;",Lee Harvey Oswald,kill,Kennedy
Farley attorney Stephen Greiner contended during Wednesday 's 90-minute hearing that the pill ` ` is a device by which the board of directors of West Point says nobody can buy more than 10 percent. ' ',Stephen Greiner,work for,Farley
"( Excerpts ) Knin , 12 Feb ( TANJUG ) -- The constitutive session of the new ( Serb ) Krajina parliament has ended with the election of a speaker and two deputy speakers of the assembly , and with the formal swearing into office of Milan Martic as president ( of the RSK ( republic of Serbian Krajina ) ) .",TANJUG,organization based in,Knin
"( Excerpts ) Knin , 12 Feb ( TANJUG ) -- The constitutive session of the new ( Serb ) Krajina parliament has ended with the election of a speaker and two deputy speakers of the assembly , and with the formal swearing into office of Milan Martic as president ( of the RSK ( republic of Serbian Krajina ) ) .",Milan Martic,president of,Krajina
"( Excerpts ) Knin , 12 Feb ( TANJUG ) -- The constitutive session of the new ( Serb ) Krajina parliament has ended with the election of a speaker and two deputy speakers of the assembly , and with the formal swearing into office of Milan Martic as president ( of the RSK ( republic of Serbian Krajina ) ) .",Milan Martic,president of,RSK
"( Excerpts ) Knin , 12 Feb ( TANJUG ) -- The constitutive session of the new ( Serb ) Krajina parliament has ended with the election of a speaker and two deputy speakers of the assembly , and with the formal swearing into office of Milan Martic as president ( of the RSK ( republic of Serbian Krajina ) ) .",Milan Martic,president of,republic of Serbian Krajina
The movie theater where Lee Harvey Oswald was captured following the assassination of President John F. Kennedy has been saved from demolition .,Lee Harvey Oswald,kill,President John F. Kennedy
"( Text ) Bratislava June 22 ( CTK ) -- Slovakia plans its 1995 budget to have a deficit of 12 billion Slovak crowns , making up three percent of GDP , Finance Rudolf Filkus said after a cabinet session last night .",Rudolf Filkus,work for,Slovakia
"Warner , 70 , who owned the failed Home State Savings Bank of Cincinnati , had filed in October 1987 a petition for protection from his creditors under Chapter 11 of the Federal Bankruptcy Act.",Warner,owned,Home State Savings Bank of Cincinnati
944E0738B Moscow PRAVDA in Russia 21 Apr 94 p 2,Moscow,organization based in,Russia
944E0738B Moscow PRAVDA in Russia 21 Apr 94 p 2,PRAVDA,organization based in,Moscow
944E0738B Moscow PRAVDA in Russia 21 Apr 94 p 2,PRAVDA,organization based in,Russia
"HIGH ISLAND , Texas ( AP )",PRAVDA,organization based in,Russia
"One of China 's major agricultural producers , Anhui has about 50 million farmers .",Anhui,region in,China
"DES MOINES , Iowa ( AP )",DES MOINES,none,Iowa
"The winds also overturned trucks on Interstates 10 and 15 , which remained open with traffic moving about 5 mph , said California Highway Patrol Officer James O 'Brien .",James O 'Brien,work for,California Highway Patrol
Sarajevo Radio Bosnia-Herzegovina Network,Radio Bosnia-Herzegovina Network,organization based in,Sarajevo
"` ` Our intent is to ensure that customers have the greatest degree of control possible over the types of information that they and their children can access , ' ' said Department of Public Utilities Chairman Bernice K. McIntyre.",Bernice K. McIntyre.,work for,Department of Public Utilities
VATICAN CITY ( AP ),AP,organization based in,VATICAN CITY
JPL control 's America 's unmanned planetary exploration program for the National Aeronautics and Space Administration.,National Aeronautics and Space Administration.,organization based in,America
"Today 's highlight in history : On Feb. 12 , 1809 , Abraham Lincoln , 16th president of the United States , was born in a log cabin in what is now Larue County , Kentucky .",National Aeronautics and Space Administration.,organization based in,America
"Elsewhere , a downed power line was blamed for a brush fire that charred 200 acres in Orange County , said county Fire Department Capt. Hugh Madlock .",Fire Department,organization based in,Orange County
"Elsewhere , a downed power line was blamed for a brush fire that charred 200 acres in Orange County , said county Fire Department Capt. Hugh Madlock .",Hugh Madlock,work for,Orange County
"Elsewhere , a downed power line was blamed for a brush fire that charred 200 acres in Orange County , said county Fire Department Capt. Hugh Madlock .",Hugh Madlock,work for,Fire Department
"Knight-Ridder Inc. on Thursday announced plans to sell two of its daily newspapers _ the Star-News in Pasadena , Calif. , and the Post-Tribune in Gary , Ind .",Pasadena,located in,Calif.
"Knight-Ridder Inc. on Thursday announced plans to sell two of its daily newspapers _ the Star-News in Pasadena , Calif. , and the Post-Tribune in Gary , Ind .",Gary,organization based in,Ind .
"A blaze south of Kelowna , British Columbia , about 50 miles north of the Washington border , had blackened more than 1 , 400 acres as it burned out of control Tuesday.",Kelowna,located in,British Columbia
"France 's deputy representative , M. Pierre Brochand , expressed similar sentiments .",M. Pierre Brochand,work for,France
Authorities say Oswald opened fire from a sixth-floor window there into Kennedy 's motorcade .,Oswald,kill,Kennedy
"Attacks on Bosnia "" ; as released by The Hague ANP Database ) ( Text ) The Hague , 9 Feb ( ANP ) -- F-16 pilots from the Netherlands Air Force are to begin exercises -- with real bombs -- on Monday ( 7 February ) on the island of Vlieland for two weeks .",ANP,organization based in,The Hague
"Attacks on Bosnia "" ; as released by The Hague ANP Database ) ( Text ) The Hague , 9 Feb ( ANP ) -- F-16 pilots from the Netherlands Air Force are to begin exercises -- with real bombs -- on Monday ( 7 February ) on the island of Vlieland for two weeks .",ANP,organization based in,The Hague
"Dole had pinned his Southern hopes on North Carolina , the home state of his wife , Elizabeth. .",Elizabeth.,home state,North Carolina
"The prime has left for Morocco on an unofficial visit , where he will visit the new mosque in Casablanca .",Casablanca,located in,Morocco
Anthropoligist Dean Falk of State University of New York at Albany supports the Kebara findings in the Science News article.,Dean Falk,work for,State University of New York
Anthropoligist Dean Falk of State University of New York at Albany supports the Kebara findings in the Science News article.,Dean Falk,work for,Albany
Anthropoligist Dean Falk of State University of New York at Albany supports the Kebara findings in the Science News article.,State University of New York,organization based in,Albany
"BAYONNE , France ( AP )",BAYONNE,none,France
"` ` This is exactly what we have been asking for , ' ' said Grover Hartt III , an attorney for the IRS.",Grover Hartt III,work for,IRS.
"In 1805 , Joseph Smith Jr. , the founder of the Mormon Church , was born in Sharon , Vt .",Joseph Smith Jr.,born in,"Sharon , Vt"
Havana Radio Rebelde Network,Radio Rebelde Network,organization based in,Havana
"CARACAS , Venezuela ( AP )",CARACAS,organization based in,Venezuela
"Karadjordjevo "" ) ( Text ) We cannot remember the last time when ( Croatian President ) Franjo Tudjman was so cheery , excited , joyful , euphoric , and even somewhat melancholic , as he was last Wednesday , when in Geneva the declaration on the gradual normalization of the relations between the republic of Croatia and the FRY was signed .",Franjo Tudjman,President of,Croatia
AU0505102194 Munich SUEDDEUTSCHE ZEITUNG in German 5 May 94 p 4,Franjo Tudjman,President of,Croatia
"In 1822 , the 18th President of the United States , Ulysses S. Grant , was born in Point Pleasant , Ohio .",Franjo Tudjman,President of,Croatia
"( Interview with Major Samih al-Sa 'id , Asyut",Samih al-Sa 'id,work for,Asyut
"Mary Campbell , a former Democratic member of the Clover Town Council , got the unasked-for tickets in the mail last month .",Mary Campbell,former member,Clover Town Council
CBS newsman Harry Reasoner is returning to his Iowa hometown to get married Saturday .,Harry Reasoner,from,Iowa
"In a sixth new indictment , Antonio Vasquez Ochoa faces two counts of committing violent crimes in aid of racketeering for the slayings of John Walker and Alberto Radelat on Jan. 30 , 1985 , in Guadalajara .",Antonio Vasquez Ochoa,kill,John Walker
"In a sixth new indictment , Antonio Vasquez Ochoa faces two counts of committing violent crimes in aid of racketeering for the slayings of John Walker and Alberto Radelat on Jan. 30 , 1985 , in Guadalajara .",Antonio Vasquez Ochoa,kill,Alberto Radelat
"Only a few thousand people live in Port Nolloth , one of the few towns in the semi-arid landscape that makes up the northwest corner of South Africa .",Port Nolloth,located in,South Africa
MB0905103594 Johannesburg SAPA in English 1022 GMT 9 May 94,SAPA,organization based in,Johannesburg
"` ` When you 're vice president , you don 't stand on your own , ' ' said Bruce Stewart , superintendent of the Martin Van Buren National Historic Site in Van Buren 's native Kinderhook , 130 miles north of New York City .",Van Buren,native of,Kinderhook
"` ` This constitutes a great first step forward on the path which should provide a return to peace for this country , ' ' said Foreign Roland Dumas of France.",Van Buren,native of,Kinderhook
"Even Lee Harvey Oswald , who shot President Kennedy , seems after manifold investigations to have been a loner .",Lee Harvey Oswald,kill,President Kennedy
"David Leahy , elections supervisor for Dade County , said his 18 percent turnout projection was a guess because there hasn 't been a special congressional election in recent history , and never in August , a vacation month.",David Leahy,work for,Dade County
"But John Wilkes Booth shot Lincoln during the third act , mortally wounding him _ and the rest of the program was canceled.",John Wilkes Booth,kill,Lincoln
"BUENOS AIRES , Argentina ( AP )",BUENOS AIRES,none,Argentina
"Teen-agers , most of whom were born after the release of the 1973 film directed by George Lucas , a Modesto native , said they cruise popular McHenry Avenue in this central California city for the same reasons as their parents : to show off their cars and meet dates .",George Lucas,from,Modesto
"Teen-agers , most of whom were born after the release of the 1973 film directed by George Lucas , a Modesto native , said they cruise popular McHenry Avenue in this central California city for the same reasons as their parents : to show off their cars and meet dates .",McHenry Avenue,located in,California
Lee Mitgang has covered education for the AP since 1981 .,Lee Mitgang,work for,AP
"` ` From the onset , we at the Texas Department of Agriculture felt that more was at stake than steak , and a whole lot more was at stake than growth hormones , ' ' said Texas Agriculture Commissioner Jim Hightower at a news conference Monday.",Texas Department of Agriculture,organization based in,Texas
"` ` From the onset , we at the Texas Department of Agriculture felt that more was at stake than steak , and a whole lot more was at stake than growth hormones , ' ' said Texas Agriculture Commissioner Jim Hightower at a news conference Monday.",Jim Hightower,work for,Texas Department of Agriculture
"` ` From the onset , we at the Texas Department of Agriculture felt that more was at stake than steak , and a whole lot more was at stake than growth hormones , ' ' said Texas Agriculture Commissioner Jim Hightower at a news conference Monday.",Jim Hightower,work for,Texas
"The details : _ ` ` Thirty Seconds Over Tokyo ' ' _ An America demoralized by the surprise and destructive Japanese attack on American forces at Pearl Harbor , Hawaii , on Dec. 7 , 1941 , and the subsequent heavy losses to the Japanese in the first months of the war was electrified by news of the first U.S. bombing raid of Tokyo and other Japanese cities .",Pearl Harbor,located in,Hawaii
"On Monday , the nation will observe the birthday of Martin Luther King Jr. , who was cut down by assassin James Earl Ray in 1968 .",James Earl Ray,kill,Martin Luther King Jr.
"On the Republican side , state Sen. Ileana Ros-Lehtinen concentrated on get-out-the-vote efforts Monday in hopes of winning a majority against opponents led by fellow Cuban-American Carlos Perez , a wealthy activist for conservative causes who was endorsed by former National Security Council aide Oliver North.",Oliver North.,work for,National Security Council
"CEO Director Cesar Augusto Morones Servin stated that his second and most recent poll makes two things clear : the 21 August election will be "" strongly disputed "" and the statistical forecasts are very "" vulnerable . """,Cesar Augusto Morones Servin,work for,CEO
"He said Sirhan had placed himself in a trance during Kennedy 's 1968 slaying and should be judged outside the parameters used for "" normal "" murderers .",Sirhan,kill,Kennedy
"In 1790 , the 10th president of the United States , John Tyler , was born in Charles City County , Va .",Sirhan,kill,Kennedy
"` ` The government stopped capital expenditure , stopped research , stopped maintenance , ' ' said Diana Mondino , a professor at the Argentine Center for Macroeconomic Studies , a business school.",Diana Mondino,work for,Argentine Center for Macroeconomic Studies
"In 1822 , the 19th President of the United States , Rutherford B. Hayes , was born in Delaware , Ohio .",Diana Mondino,work for,Argentine Center for Macroeconomic Studies
Moscow PRAVDA,PRAVDA,organization based in,Moscow
"Minox 's woes are just part of the restructuring of West Germany 's proud camera industry , which has seen the only other two all-German companies , Leica and Rollei , drop out of the amateur automatic focus camera market to concentrate on producing high-priced professional gear .",Minox,organization based in,West Germany
"Minox 's woes are just part of the restructuring of West Germany 's proud camera industry , which has seen the only other two all-German companies , Leica and Rollei , drop out of the amateur automatic focus camera market to concentrate on producing high-priced professional gear .",Leica,organization based in,West Germany
"Minox 's woes are just part of the restructuring of West Germany 's proud camera industry , which has seen the only other two all-German companies , Leica and Rollei , drop out of the amateur automatic focus camera market to concentrate on producing high-priced professional gear .",Rollei,organization based in,West Germany
"According to Fadeyev , groups of specialists , including sappers , have arrived on the scene , where first deputy commander of the Pacific Fleet , Vice Igor Khmelnov is in charge of the clean- up operations .",Igor Khmelnov,work for,Pacific Fleet
Sirhan was convicted of the 1968 California primary election night slaying of Sen. Robert Kennedy at the Ambassador Hotel and remains in prison.,Sirhan,kill,Sen. Robert Kennedy
"Fourth , should the National Assembly refuse to ratify the agreement as demanded by the farmers ' organizations , some civic groups , and the opposition parties , which call for renegotiation , our country would end up withdrawing from the Uruguay structure and being isolated from the international community .",National Assembly,withdraw from,Uruguay
"However , I do have feelings. ( Minoli ) Do you think that Berlusconi is the Freedom Alliance 's candidate for the post of prime ? ( Fini ) We must let the electors decide .",Berlusconi,candidate for,Freedom Alliance
"The bungled attempt took place March 27 in the office of Miss Bickel 's former employer , Tempe plastic surgeon Richard Pavese .",Richard Pavese,work for,Tempe
"Health and Human Services Inspector Richard P. Kusserow said that because the start and end of some benefits is determined by ` ` age attainment , ' ' the old-fashioned definition skews who gets what when.",Richard P. Kusserow,work for,Health and Human Services
"Derwinski was the ranking Republican on the the House Foreign Affairs subcommittee on international relations , which had secretly been in touch with Sohn and planned to have him testify about the KCIA 's involvement in Koreagate , the Times said .",Derwinski,work for,House Foreign Affairs subcommittee
"The workers ' organization also voiced its support for Andres Vega Cedeno , also known as "" Domplin , "" a radio commentator who is running for mayor of Panama City ; and recommended that "" the workers also vote for Felipe Cano , who is running for mayor of San Miguelito . """,Andres Vega Cedeno,running for mayor of,Panama City
"The workers ' organization also voiced its support for Andres Vega Cedeno , also known as "" Domplin , "" a radio commentator who is running for mayor of Panama City ; and recommended that "" the workers also vote for Felipe Cano , who is running for mayor of San Miguelito . """,Felipe Cano,running for mayor of,San Miguelito
"Thelma Ann Miller , 23 ; and Toby Miller , 15 , drowned Monday about 1 -LCB- miles northeast of Pinedale in rural western New Mexico , said Alex Ashley , a deputy state medical investigator.",Pinedale,located in,New Mexico
"Almost 23 years ago , it was Barry who jumped out of the crowd at the Ambassador Hotel in Los Angeles when Sen. Robert F. Kennedy was shot and tackled Kennedy 's assassin , Sirhan Sirhan .",Sirhan Sirhan,assassin of,Sen. Robert F. Kennedy
"Almost 23 years ago , it was Barry who jumped out of the crowd at the Ambassador Hotel in Los Angeles when Sen. Robert F. Kennedy was shot and tackled Kennedy 's assassin , Sirhan Sirhan .",Sirhan Sirhan,assassin of,Kennedy
94AS0286D Madras THE HINDU in English 7 May 94 p 13,THE HINDU,organization based in,Madras
"A rally of several thousand Solidarity supporters was held Tuesday at the Lenin Shipyard in Gdansk , where Walesa works .",Lenin Shipyard,located in,Gdansk
"A rally of several thousand Solidarity supporters was held Tuesday at the Lenin Shipyard in Gdansk , where Walesa works .",Walesa,work for,Solidarity
"Flooding from heavy rain closed a portion of Highway 50 between Salida and Gunnison , Colorado .",Salida,none,Colorado
"Flooding from heavy rain closed a portion of Highway 50 between Salida and Gunnison , Colorado .",Gunnison,none,Colorado
"Sanders , 45 , was found guilty of engineering the scheme in which Daniel Dewey , another former CBOT trader , donned a wig and used stolen trader badges and jackets to gain access to a restricted area in proximity to the Treasury bond trading pit .",Sanders,former trader at,CBOT
"Sanders , 45 , was found guilty of engineering the scheme in which Daniel Dewey , another former CBOT trader , donned a wig and used stolen trader badges and jackets to gain access to a restricted area in proximity to the Treasury bond trading pit .",Daniel Dewey,work for,CBOT
"Anderson , the longest-held hostage , is Middle East correspondent for The Associated Press.",Anderson,work for,Associated Press.
"` ` I don 't think anyone thought things would collapse so quickly , ' ' said Angel Pena , an economist with the Mediterranean Foundation research group.",Angel Pena,work for,Mediterranean Foundation
"The Massachusetts Department of Public Health has adopted new regulations on the disposal of infectious waste that take effect next week , but like the federal rules , they don 't apply to household waste , said the department 's Al Comproni.",Al Comproni.,work for,Massachusetts Department of Public Health
"Also on Thursday , Knight-Ridder announced that it has named Larry Jinks publisher of the San Jose Mercury News , succeeding William A. Ott , who will be the newspaper 's chairman .",Larry Jinks,work for,Knight-Ridder
"Also on Thursday , Knight-Ridder announced that it has named Larry Jinks publisher of the San Jose Mercury News , succeeding William A. Ott , who will be the newspaper 's chairman .",Larry Jinks,work for,San Jose Mercury News
"Also on Thursday , Knight-Ridder announced that it has named Larry Jinks publisher of the San Jose Mercury News , succeeding William A. Ott , who will be the newspaper 's chairman .",William A. Ott,work for,Knight-Ridder
"Also on Thursday , Knight-Ridder announced that it has named Larry Jinks publisher of the San Jose Mercury News , succeeding William A. Ott , who will be the newspaper 's chairman .",William A. Ott,work for,San Jose Mercury News
"Foreign Prasong Sunsiri , reaffirming Thailand 's support of the non-nuclear proliferation treaty , said he hoped North and South Korea would be able to reach an accord on the issue through their talks .",Prasong Sunsiri,work for,Thailand
"Reith Chuol , governor of the Upper Nile region , told reporters there were unconfirmed reports of 15 people dying there every day .",Reith Chuol,governor of,Upper Nile region
"Kravchuk won over 60 percent of the votes and Chornovil , nearly 28 percent in Ukraine 's first presidential elections in December 1991 .",Kravchuk,won presidential election in,Ukraine
"Kravchuk won over 60 percent of the votes and Chornovil , nearly 28 percent in Ukraine 's first presidential elections in December 1991 .",Chornovil,candidate in,Ukraine
"In 1830 , poet Emily Dickinson was born in Amherst , Mass .",Chornovil,candidate in,Ukraine
"The twin-engine plane took off from Dayton International Airport and crashed at 4 : 45 a.m. in a heavily wooded area about a half-mile away , said James Francis , acting aviation director for Dayton .",Dayton International Airport,none,Dayton
"The twin-engine plane took off from Dayton International Airport and crashed at 4 : 45 a.m. in a heavily wooded area about a half-mile away , said James Francis , acting aviation director for Dayton .",Dayton,organization based in,Dayton International Airport
"` ` We were there six days unsupported , ' ' said society co-leader Richard Taylor , an Atlanta architect.",Richard Taylor,work for,Atlanta
"He was a founder of the Democratic Socialists of America , serving as national chair and co-chair from 1982 until his death.",Democratic Socialists,organization based in,America
"London THE SUNDAY TIMES 30 Jan 94 pp 1 , 15--FOR OFFICIAL USE ONLY",THE SUNDAY TIMES,organization based in,London
"Born poor in Greenville , S.C. , 46 years ago , Jesse Jackson has capitalized on his role as the nation 's most prominent black leader to maintain a comfortable lifestyle and accumulate sizable wealth _ all without holding elected office or drawing a regular paycheck .",Jesse Jackson,born in,"Greenville , S.C."
Brazil : Brazilian Space Program Summarized 94WS0145A Sao Paulo GAZETA MERCANTIL in Portuguese 27-29 Nov 93 p 5,GAZETA MERCANTIL,organization based in,Sao Paulo
"Congress has ordered the department to study whether the Yucca Mountain location , about 100 miles northwest of Las Vegas , Nev. , could safely store tons of radioactive nuclear waste for 10 , 000 years.",Las Vegas,located in,Nev.
"In 1981 , Mark David Chapman pleaded guilty to killing rock star John Lennon outside Lennon 's New York City apartment building the previous December .",Mark David Chapman,kill,John Lennon
"The ANSA news agency said the operation involved police in Umbria and Lazio provinces in central Italy and Campania province in the south , without specifying exact arrest locations .",Umbria,part of,Italy
"The ANSA news agency said the operation involved police in Umbria and Lazio provinces in central Italy and Campania province in the south , without specifying exact arrest locations .",Lazio,located in,Italy
"The ANSA news agency said the operation involved police in Umbria and Lazio provinces in central Italy and Campania province in the south , without specifying exact arrest locations .",Campania,part of,Italy
"Warner , who now lives in Ocala , Fla. , and filed the petition in U.S. Bankruptcy Court in Jacksonville , Fla. , sought protection from creditors seeking more than $4 billion from him.",Warner,live in,Ocala
"Warner , who now lives in Ocala , Fla. , and filed the petition in U.S. Bankruptcy Court in Jacksonville , Fla. , sought protection from creditors seeking more than $4 billion from him.",Warner,live in,Fla.
"Warner , who now lives in Ocala , Fla. , and filed the petition in U.S. Bankruptcy Court in Jacksonville , Fla. , sought protection from creditors seeking more than $4 billion from him.",Ocala,live in,Fla.
"Warner , who now lives in Ocala , Fla. , and filed the petition in U.S. Bankruptcy Court in Jacksonville , Fla. , sought protection from creditors seeking more than $4 billion from him.",U.S. Bankruptcy Court,located in,Jacksonville
"Warner , who now lives in Ocala , Fla. , and filed the petition in U.S. Bankruptcy Court in Jacksonville , Fla. , sought protection from creditors seeking more than $4 billion from him.",U.S. Bankruptcy Court,organization based in,Fla.
"Warner , who now lives in Ocala , Fla. , and filed the petition in U.S. Bankruptcy Court in Jacksonville , Fla. , sought protection from creditors seeking more than $4 billion from him.",Jacksonville,organization based in,Fla.
"In 1863 , American automaker Henry Ford was born in Dearborn Township , Mich .",Jacksonville,organization based in,Fla.
The Foreign Ministry 's Southeast Asian Department Chief Don Paramatwinai quoted President Kim as saying that the nuclear conflict between South and North Korea posed not only a threat to the Korean Peninsula but the entire world .,Don Paramatwinai,work for,Foreign Ministry
The Foreign Ministry 's Southeast Asian Department Chief Don Paramatwinai quoted President Kim as saying that the nuclear conflict between South and North Korea posed not only a threat to the Korean Peninsula but the entire world .,Don Paramatwinai,work for,Southeast Asian Department
Moscow ITAR-TASS,ITAR-TASS,organization based in,Moscow
"Today 's Highlight in History : On the Ides of March , 44 B.C. , Roman Emperor Julius Caesar was assassinated by a group of nobles that included Brutus and Cassius .",Brutus,kill,Roman Emperor Julius Caesar
"Today 's Highlight in History : On the Ides of March , 44 B.C. , Roman Emperor Julius Caesar was assassinated by a group of nobles that included Brutus and Cassius .",Cassius,kill,Roman Emperor Julius Caesar
"There are , to be sure , WPA accounts of the impact of the Depression on rural America , great photographs by Walker Evans , but North Carolina 's native son Thomas Wolfe , in "" You Can 't Go Home Again , "" described more lyrically the repercussions that events on Wall Street had on his state , even in little hollows like Monroe :",Thomas Wolfe,native son of,North Carolina
"CBS anchorman Dan Rather spoke to the final full session of the National Governors ' Association conference , saying , ` ` You who already have the toughest job in American politics have got to take the lead in convincing the president and Congress that the present approach to education policy is a mess and needs immediate overhaul , and the present approach to the federal budget deficit is an Alice in Wonderland fantasy. ' '",Dan Rather,work for,CBS
These bodies have been flowing into Lake Victoria causing a health hazard along the Akagera River course through Tanzania and Uganda .,Akagera River,flows through,Tanzania
These bodies have been flowing into Lake Victoria causing a health hazard along the Akagera River course through Tanzania and Uganda .,Akagera River,flows through,Uganda
"Camp Butner , N.C. ;",Camp Butner,organization based in,N.C.
"Daniel Sullivan , 30 , of Boothbay , went down to help and also became stuck , Fournier said .",Daniel Sullivan,live in,Boothbay
"In Wednesday 's announcement , locations containing unused or underutilized federally owned buildings deemed suitable for homeless facilities were listed as : Clear Air Force Station , Alaska ;",Clear Air Force Station,organization based in,Alaska
"On this date : In 1784 , Zachary Taylor , the 12th President of the United States , was born in Orange County , Virginia .",Clear Air Force Station,organization based in,Alaska
"Welcoming Mr. Tavaya , President Moi said he would continue working closely with President Robert Mugabe of Zimbabwe for the good of the two peoples through such organizations as the PTA ( Preferential Trade Area ) and COMESA ( Common Market for East and Southern Africa ) ( passage omitted ) The new high commissioner applauded President Moi for his efforts and personal initiative in promoting peace and economic cooperation in the region .",Robert Mugabe,organization based in,Zimbabwe
"Rep. Tim Valentine , D-N.C. , however , said he cannot understand why illegal aliens should be allowed to dilute the representation of U.S. citizens.",Tim Valentine,work for,U.S.
"Another type of plan , first advocated by Sen. Donald W. Riegle Jr. , D-Mich. , chairman of the Senate Banking Committee , doesn 't waive Gramm-Rudman.",Donald W. Riegle Jr.,chairman of,Senate Banking Committee
"During his six-year tenure as Los Angeles County district attorney , Sirhan was tried and convicted for the 1968 assassination of U.S. Sen. Robert Kennedy .",Sirhan,kill,U.S. Sen. Robert Kennedy
"Ray , 60 , was sentenced to 99 years in prison in 1969 when he pleaded guilty to shooting and killing King as the civil rights leader stood on a balcony of the Lorraine Motel in Memphis .",Ray,kill,King
"In a briefing at the NRC 's Rockville , Md. , headquarters and in a letter to Sam Rousso , acting of civilian radioactive waste management for the Energy Department , Bernero said study of seismic and volcanic risks needed to be given high priority.",NRC,organization based in,Rockville
"In a briefing at the NRC 's Rockville , Md. , headquarters and in a letter to Sam Rousso , acting of civilian radioactive waste management for the Energy Department , Bernero said study of seismic and volcanic risks needed to be given high priority.",NRC,organization based in,Md.
"In a briefing at the NRC 's Rockville , Md. , headquarters and in a letter to Sam Rousso , acting of civilian radioactive waste management for the Energy Department , Bernero said study of seismic and volcanic risks needed to be given high priority.",Rockville,organization based in,Md.
"The overall murder rate in the United States has leaped 34 percent between 1967 and 1987 , the FBI reported .",FBI,organization based in,United States
ITAR-TASS Carries Press Review for 5 Mar LD0503072994 Moscow ITAR-TASS in English 0548 GMT 5 Mar 94,ITAR-TASS,organization based in,Moscow
ITAR-TASS Carries Press Review for 5 Mar LD0503072994 Moscow ITAR-TASS in English 0548 GMT 5 Mar 94,ITAR-TASS,organization based in,Moscow
Ruby fatally shot Oswald two days after Kennedy was assassinated .,Ruby,kill,Oswald
"` ` Blaze , ' ' a film about a former governor and a stripper , will star Paul Newman as Louisiana Gov. Earl Long .",Earl Long,work for,Louisiana
"He was also expected to visit Paris where he will meet his French counterpart , Edouard Balladur .",Edouard Balladur,visit,Paris
"Lancaster , a farming town of 3 , 400 , claims Higgins as a native son although he was born a county away in Danville , which had the nearest hospital , and grew up mainly in Louisville.",Higgins,born in,Danville
"Lancaster , a farming town of 3 , 400 , claims Higgins as a native son although he was born a county away in Danville , which had the nearest hospital , and grew up mainly in Louisville.",Higgins,born in,Danville
"` ` They 'll work like mad today with fairly good condiions to make as much progress as possible , ' ' said Suzanne Zachry , spokeswoman for the Wallowa-Whitman National Forest near Baker.",Suzanne Zachry,work for,Wallowa-Whitman National Forest
"Aldrin was born in Montclair , N.J. , and christened Edwin E. Aldrin Jr .",Aldrin,born in,"Montclair , N.J."
"Aldrin was born in Montclair , N.J. , and christened Edwin E. Aldrin Jr .",Edwin E. Aldrin Jr,born in,"Montclair , N.J."
"Bruce Jonasson , manager of Bradley First Air , said pilots from Montreal and Ottawa were the plane 's only occupants .",Bruce Jonasson,work for,Bradley First Air
"Oregon : Fires east of the Cascade Mountains have burned 80 , 000 acres , and were being fought Tuesday by 5 , 000 people.",Cascade Mountains,location of fires,Oregon
"Stone said Garrison , currently an appeals court judge , will portray Chief Justice Earl Warren , whose Warren Commission Report declared Oswald the lone assassin 10 months after Kennedy was killed in Dallas on Nov. 22 , 1963.",Oswald,assassin of,Kennedy
"There was no mention at all of the Contras , the arms sales to Iran or the enormous trade deficits that during Reagan 's tenure have turned America into the world 's biggest debtor nation .",Reagan,turned into debtor nation,America
"The Warren Commission , established to investigate the assassination , concluded that Oswald acted alone in killing Kennedy .",Oswald,kill,Kennedy
Beijing XINHUA,XINHUA,organization based in,Beijing
"John Ray , a member of the District of Columbia Council , reported raising $218 , 592 from January to July in his bid for the Democratic nomination , according to records filed with the city 's office of campaign finance.",John Ray,work for,District of Columbia Council
"Gerald R. Ford ( 38th President ) : Born July 14 , 1913 , in Omaha , Neb .",John Ray,work for,District of Columbia Council
Israel television rejected a skit by comedian Tuvia Tzafir that attacked public apathy by depicting an Israeli family watching TV while a fire raged outside .,Tuvia Tzafir,work for,Israel
"` ` We chose Middletown because we 're trying to access the New York City market but we wanted to be outside the high-priced metropolitan area , ' ' said Robert Thompson , Eaglebrook 's vice .",Robert Thompson,work for,Eaglebrook
"Dr. James O. Mason , assistant for health at the Department of Health and Human Services , said Congress often fails to provide additional money to pay for new programs it authorizes.",James O. Mason,work for,Department of Health and Human Services
"In 1831 , the 20th president of the United States , James Garfield , was born in Orange , Ohio .",James O. Mason,work for,Department of Health and Human Services
"Burlington Northern Railroad crews were clearing wreckage from the site four miles north of Whitefish in northwest Montana , where 29 cars of the 100-car train derailed Monday.",Whitefish,located in,Montana
"Lennon and his wife , Yoko Ono , were returning to their apartment in New York 's Dakota apartment building after a recording session on Dec. 8 , 1980 , when Lennon was shot to death by Mark David Chapman , a deranged fan to whom Lennon had given his autograph only hours before .",Mark David Chapman,kill,Lennon
"Ralph David Abernathy : March 11 , 1926 : David Abernathy is born in Linden , Ala. , grandson of slaves and 10th of 12 children of William and Louiverny Abernathy .",David Abernathy,born in,"Linden , Ala."
"Still , many are encouraged by the election last year of Louisiana 's reform-minded governor , Buddy Roemer , a property tax increase last April , and a new , expanded school board .",Buddy Roemer,governor of,Louisiana
"Officials of the Mountain Empire Unified School District in San Diego County canceled classes Thursday , saying wind made travel hazardous for school buses .",Mountain Empire Unified School District,organization based in,San Diego
Sirhan B. Sirhan was convicted of Kennedy 's killing and is serving a life sentence .,Sirhan B. Sirhan,kill,Kennedy
But the Supreme Council has already considered the constitutional foundations of the organization of power in Ukraine .,Supreme Council,organization based in,Ukraine
Deng Nan said : China has entered a stage in which its economy is developing rapidly .,Deng Nan,none,China
"U.S. ( USTR ) Mickey Kantor , who came to Japan amid the political confusion within the Hosokawa administration caused by the economic stimulation plan , stated before he left for home that "" If we see no actual results , we might have to consider other options . """,Mickey Kantor,work for,U.S.
"U.S. ( USTR ) Mickey Kantor , who came to Japan amid the political confusion within the Hosokawa administration caused by the economic stimulation plan , stated before he left for home that "" If we see no actual results , we might have to consider other options . """,Hosokawa,organization based in,Japan
"The institute said that measurements made from satellites and more sophisticated equipment showed that Mount Blanc , in the western Alps , stands at 15 , 862.4 feet , compared with a previously accepted height of 15 , 873 feet .",Mount Blanc,located in,Alps
"Andrews Air Force Base , Md. ;",Andrews Air Force Base,located in,Md.
"Malcolm O 'Neill , the head of the Ballistic Missile Development Organization , the U.S. agency involved in the Arrow , told Congress last May that Israel is committed to completing the development of the Arrow , regardless of U.S. aid .",Malcolm O 'Neill,work for,Ballistic Missile Development Organization
"Malcolm O 'Neill , the head of the Ballistic Missile Development Organization , the U.S. agency involved in the Arrow , told Congress last May that Israel is committed to completing the development of the Arrow , regardless of U.S. aid .",Malcolm O 'Neill,work for,U.S.
"Malcolm O 'Neill , the head of the Ballistic Missile Development Organization , the U.S. agency involved in the Arrow , told Congress last May that Israel is committed to completing the development of the Arrow , regardless of U.S. aid .",Malcolm O 'Neill,work for,U.S.
"Malcolm O 'Neill , the head of the Ballistic Missile Development Organization , the U.S. agency involved in the Arrow , told Congress last May that Israel is committed to completing the development of the Arrow , regardless of U.S. aid .",Ballistic Missile Development Organization,organization based in,U.S.
"Malcolm O 'Neill , the head of the Ballistic Missile Development Organization , the U.S. agency involved in the Arrow , told Congress last May that Israel is committed to completing the development of the Arrow , regardless of U.S. aid .",Ballistic Missile Development Organization,organization based in,U.S.
"Malcolm O 'Neill , the head of the Ballistic Missile Development Organization , the U.S. agency involved in the Arrow , told Congress last May that Israel is committed to completing the development of the Arrow , regardless of U.S. aid .",Congress,informed by,U.S.
"Malcolm O 'Neill , the head of the Ballistic Missile Development Organization , the U.S. agency involved in the Arrow , told Congress last May that Israel is committed to completing the development of the Arrow , regardless of U.S. aid .",Congress,informed by,U.S.
"Waste Disposal Co. of Randolph is preparing to offer a home needle pickup service , said Debra Bornstein , a company official.",Waste Disposal Co.,organization based in,Randolph
"Waste Disposal Co. of Randolph is preparing to offer a home needle pickup service , said Debra Bornstein , a company official.",Debra Bornstein,work for,Waste Disposal Co.
"` ` We 're not anti-growth in the traditional sense , ' ' says Patrick Strosahl , a jeweler and president of Vision Seattle , which supports CAP .",Patrick Strosahl,president of,Vision Seattle
"In 1981 , Mark David Chapman pleaded guilty to killing rock star John Lennon outside Lennon 's New York City apartment building the previous December .",Mark David Chapman,kill,John Lennon
"On this date : In 1758 , the fifth President of the United States , James Monroe , was born in Westmoreland County , Va .",Mark David Chapman,kill,John Lennon
"Kennedy 's assassin , Sirhan Bishara Sirhan , was immediately arrested .",Sirhan Bishara Sirhan,kill,Kennedy
"Mark David Chapman , who shot John Lennon to death 10 years ago , wants the world to know he 's sorry .",Mark David Chapman,killed,John Lennon
"Police contacted the boy 's mother and were trying to determine where the gun came from , Board of Education spokesman Frank Sobrino said .",Frank Sobrino,work for,Board of Education
The performers left the 28-member Shanghai Opera while the company was in San Francisco en route to Shanghai last week after a series of performances in the United States.,Shanghai Opera,organization based in,Shanghai
"Frank B. Colton , born in Poland , who received patents for oral contraceptives in 1954 and 1955.",Frank B. Colton,born in,Poland
Sen. Edward M. Kennedy says his family is disturbed by the decision to establish a museum in the Dallas building from which Lee Harvey Oswald is believed to have shot President John F. Kennedy .,Lee Harvey Oswald,kill,President John F. Kennedy
They noted that Chien first went to the U.S. to speak at the American Enterprise Institute in 1991 .,American Enterprise Institute,organization based in,U.S.
"ANNAPOLIS , Md .",ANNAPOLIS,located in,Md .
A Dallas probate judge gave the Internal Revenue Service until Jan. 15 to prove its claim to proceeds from the sale of the gun Jack Ruby used to kill Lee Harvey Oswald after President John F. Kennedy was assassinated .,Jack Ruby,kill,Lee Harvey Oswald
"In 1856 , the 28th President of the United States , Thomas Woodrow Wilson , was born in Staunton , Va .",Thomas Woodrow Wilson,born in,"Staunton , Va"
"Cetin added that the ceremony , to which he was invited by his American counterpart Warren Christopher , showed once more the importance and weight of Turkey in the Balkans .",Cetin,none,Turkey
"Cetin added that the ceremony , to which he was invited by his American counterpart Warren Christopher , showed once more the importance and weight of Turkey in the Balkans .",Cetin,none,Balkans
"Cetin added that the ceremony , to which he was invited by his American counterpart Warren Christopher , showed once more the importance and weight of Turkey in the Balkans .",Turkey,importance and weight,Balkans
"Photo , Dueling Over a GunIt is a scene seared into the memories of Americans old enough to have watched it that November day in 1963 : Jack Ruby firing his .38-caliber Colt Cobra , above , at Lee Harvey Oswald , the man who had assassinated President John F. Kennedy two days earlier.",Jack Ruby,kill,Lee Harvey Oswald
"Photo , Dueling Over a GunIt is a scene seared into the memories of Americans old enough to have watched it that November day in 1963 : Jack Ruby firing his .38-caliber Colt Cobra , above , at Lee Harvey Oswald , the man who had assassinated President John F. Kennedy two days earlier.",Lee Harvey Oswald,assassinated,President John F. Kennedy
"By the mid-1990s , the department 's scientists plan to have a wind erosion computer system to help make daily estimates of soil losses from wind erosion , says Lawrence J. Hagen , an agricultural engineer with the USDA 's agricultural research service.",Lawrence J. Hagen,work for,USDA
"Warner , a former U.S. ambassador to Switzerland , was convicted on Ohio felony charges in Home State 's collapse , but was acquitted of federal charges in a separate trial.",Warner,work for,U.S.
"Warner , a former U.S. ambassador to Switzerland , was convicted on Ohio felony charges in Home State 's collapse , but was acquitted of federal charges in a separate trial.",Warner,work for,Switzerland
"In 1936 , rock legend Buddy Holly was born Charles Hardin Holley in Lubbock , Texas .",Warner,work for,Switzerland
"In 1936 , rock legend Buddy Holly was born Charles Hardin Holley in Lubbock , Texas .",Charles Hardin Holley,born in,"Lubbock , Texas"
"The study did not take into account recent promises by Soviet President Mikhail S. Gorbachev to reduce military spending. _When the Soviet total is combined with U.S. military spending of $296 billion , the superpower total exceeded the next largest spender by more than 8 -LCB- to 1 in 1987. France , West Germany and Great Britain assumed the third , fourth and fifth positions , respectively , in military spending in 1987.",Mikhail S. Gorbachev,work for,Soviet
"The study did not take into account recent promises by Soviet President Mikhail S. Gorbachev to reduce military spending. _When the Soviet total is combined with U.S. military spending of $296 billion , the superpower total exceeded the next largest spender by more than 8 -LCB- to 1 in 1987. France , West Germany and Great Britain assumed the third , fourth and fifth positions , respectively , in military spending in 1987.",Mikhail S. Gorbachev,work for,Soviet
"( Text ) Seoul , May 3 ( YONHAP ) -- The European Union is poised to stop granting Generalized System of Preference ( GSP ) status to such South Korean products as consumer electronics , cars , semiconductors and footwear , indicating the union no longer sees Korea as a developing country .",YONHAP,organization based in,Seoul
"` ` Every politician in the Congress should recognize that to be ignored is the ultimate punishment society can inflict , ' ' said former Sen. Charles McC.",Charles McC.,former member,Congress
Miller is a Wilmington native who was recruited by the FBI shortly after graduating from Brigham Young University in Utah .,Miller,live in,Wilmington
"Crocodiles in Zambia 's Kafue River have devoured five people since the beginning of the year , and villagers have asked the authorities to shoot the reptiles , a local official said today .",Kafue River,located in,Zambia
Lima EL COMERCIO,EL COMERCIO,organization based in,Lima
"WHITEFISH , Mont.",WHITEFISH,none,Mont.
"Rochester 's Peter McWalters , named in 1986 , signaled willingness to form a working partnership with teachers .",Peter McWalters,organization based in,Rochester
"The jury convicted Robinson , half brother of the Rev. Jesse Jackson and a Greenville native , of accessory after the fact of assault and battery with intent to kill , in connection with the attempted murder of Janice Denise Rosemond .",Robinson,live in,Greenville
"An estimated one in four Argentina 's 31 million people lives in poverty ; 820 , 000 people in Buenos Aires Province alone eat at least one meal a day at some 1 , 500 soup kitchens that have opened , according to Gov. Antonio Cafiero.",Buenos Aires Province,part of,Argentina
"An estimated one in four Argentina 's 31 million people lives in poverty ; 820 , 000 people in Buenos Aires Province alone eat at least one meal a day at some 1 , 500 soup kitchens that have opened , according to Gov. Antonio Cafiero.",Antonio Cafiero.,work for,Argentina
"An estimated one in four Argentina 's 31 million people lives in poverty ; 820 , 000 people in Buenos Aires Province alone eat at least one meal a day at some 1 , 500 soup kitchens that have opened , according to Gov. Antonio Cafiero.",Antonio Cafiero.,governs,Buenos Aires Province
LD2504174394 Moscow ITAR-TASS in English 1654 GMT 25 Apr 94,ITAR-TASS,organization based in,Moscow
CHICAGO _ Jesse Jackson said Sunday that winning in his native South Carolina may give him the momentum in his adopted home state to upset Illinois Sen. Paul Simon in the primary here on Tuesday.,Jesse Jackson,native,South Carolina
"( Text ) Representatives from Russia , Japan , Poland , U.S. , South Korea , and the PRC recently signed an agreement in the U.S. capital of Washington to regulate Alaska pollock fishing in the central part of the Bering Sea .",Washington,capital of,U.S.
"( Text ) Representatives from Russia , Japan , Poland , U.S. , South Korea , and the PRC recently signed an agreement in the U.S. capital of Washington to regulate Alaska pollock fishing in the central part of the Bering Sea .",Washington,capital of,U.S.
"The injured man was being treated for stab wounds to the neck and was under police guard , said King County police spokesman Cecil Ray.",Cecil Ray.,work for,King County
"Fort Hamilton , Brooklyn , N.Y. ;",Fort Hamilton,located in,Brooklyn
"Fort Hamilton , Brooklyn , N.Y. ;",Fort Hamilton,located in,N.Y.
"Fort Hamilton , Brooklyn , N.Y. ;",Brooklyn,located in,N.Y.
"One of the most notorious to die in the chair was Giuseppe Zangara , executed in 1933 for the shooting death that same year of Chicago Mayor Anton Cermak .",Giuseppe Zangara,kill,Chicago Mayor Anton Cermak
"That financing will be used to pay the firms participating in the satellite program , with the funds to be released over the next two years , according to Marcio Nogueira Barbosa , director of the INPE .",Marcio Nogueira Barbosa,work for,INPE
"HAUPPAUGE , N.Y .",HAUPPAUGE,located in,N.Y .
"` ` It was the mirror image of yesterday in crude oil and gasoline , ' ' said Bob Baker , who follows oil futures prices for the investment firm Prudential-Bache Securities Inc.",Bob Baker,work for,Prudential-Bache Securities Inc.
"Sirhan apologized repeatedly for killing Kennedy , then the front-runner for the Democratic presidential nomination .",Sirhan,kill,Kennedy
"Saudi Arabia is a big , influential Gulf state and agreements between us reflect positively on our fraternal peoples .",Saudi Arabia,organization based in,Gulf
Assistant Charles A. Palmer of Texas argued that executing Penry would not violate the Constitution 's ban against cruel and inhuman punishment .,Charles A. Palmer,work for,Texas
"Assipen Director Claudio Manoel Constancio said that the employees had a hormonal dysfunction in their thyroid glands , and that some of them had nodules and cysts in their glands .",Claudio Manoel Constancio,work for,Assipen
"A Constitution Bench of the Supreme Court today initiated suo motu "" contempt of court "" proceedings against Acharya Giriraj Kishore , joint general secretary of the banned Vishwa Hindu Parishad ( VHP ) , Mr. G.K. Mahajan , editor , printer and publisher of Kabardar India ( Hindi weekly ) and Mr. Ravi Thakur , reporter of the weekly for publication of certain statements reportedly made by Acharya Giriraj Kishore ( on the Apex Court ) in the edition of the Hindi weekly dated April 11 to 17 .",Acharya Giriraj Kishore,work for,Vishwa Hindu Parishad
"A Constitution Bench of the Supreme Court today initiated suo motu "" contempt of court "" proceedings against Acharya Giriraj Kishore , joint general secretary of the banned Vishwa Hindu Parishad ( VHP ) , Mr. G.K. Mahajan , editor , printer and publisher of Kabardar India ( Hindi weekly ) and Mr. Ravi Thakur , reporter of the weekly for publication of certain statements reportedly made by Acharya Giriraj Kishore ( on the Apex Court ) in the edition of the Hindi weekly dated April 11 to 17 .",Acharya Giriraj Kishore,work for,VHP
""" For the IDF , it makes sense not to put all of its money into one thing it can 't back out of , "" says Ze 'ev Eytan , a senior researcher and an editor of the annual military survey released by the Jaffe Center for Strategic Studies .",Ze 'ev Eytan,work for,Jaffe Center for Strategic Studies
"Holmes had been assisting Fritz in the investigation of the murder of President Kennedy and the murder of Officer Tippit , the Dallas policeman who was killed by Oswald about 45 minutes after the Kennedy assassination and whose murder is really the Rosetta Stone to understanding the truth about the assassination. ;",Oswald,kill,Officer Tippit
LD2204095694 Madrid RNE International in Spanish 0800 GMT 22 Apr 94,RNE International,organization based in,Madrid
Oswald had been arrested in the assassination of President Kennedy .,Oswald,kill,President Kennedy
"On this date : In 1533 , the last Incan King of Peru , Atahualpa , was murdered on the orders of Spanish conqueror Francisco Pizarro .",Francisco Pizarro,kill,Atahualpa
"( Text ) Beijing , February 21 ( XINHUA ) -- Chinese Vice-Premier and Foreign Qian Qichen left here this afternoon for a fortnight official good-will visit to Pakistan , Bangladesh , Sri Lanka , Maldives and Iran .",XINHUA,organization based in,Beijing
"( Text ) Beijing , February 21 ( XINHUA ) -- Chinese Vice-Premier and Foreign Qian Qichen left here this afternoon for a fortnight official good-will visit to Pakistan , Bangladesh , Sri Lanka , Maldives and Iran .",Qian Qichen,left from,Beijing
"Baton Rouge , La. ;",Baton Rouge,none,La.
"In the field of physics , Ouyang Zhongcan , a research fellow at the Institute of Theoretical Physics , used the liquid crystal method to come up with a biological membrane model .",Ouyang Zhongcan,work for,Institute of Theoretical Physics
"The patient was John Wilkes Booth , who hours earlier had fatally shot President Abraham Lincoln at Ford 's Theater in Washington , D.C. , about 30 miles away .",John Wilkes Booth,kill,President Abraham Lincoln
"Visibility is only fair and when those scattered thunderstorms move through it 's very limited , ' ' said Coast Guard spokesman Lt. Pat Philbin.",Pat Philbin.,work for,Coast Guard
"Lee Harvey Oswald , the only official suspect in Kennedy 's assassination , is arrested and taken away in handcuffs ;",Lee Harvey Oswald,assassin of,Kennedy
Burlington spokesman Gus Melonas said the company was using containment booms to stop the fuel slick from spreading further.,Gus Melonas,work for,Burlington
"Their theory that the warheads were blocked by the quarantine is at odds with a recent disclosure by Aleksander Alekseev , the former ambassador to Cuba , who said in a recent Soviet magazine that 42 medium-range missiles were fully operational .",Aleksander Alekseev,work for,Soviet
"( Text ) Seoul , May 20 ( YONHAP ) -- The government decided Friday to consider asking the United National Security Council to take additional action should North Korea reject the IAEA 's ( International Atomic Energy Agency ) proposal to suspend the changing of fuel rods at a 5-megawatt reactor in Yongbyon and permit complete inspections .",YONHAP,organization based in,Seoul
"Reflection "" : "" Reusable Spacecraft "" ) ( Text ) After the completion of the Apollo moon program at the beginning of the 1970s , the U.S. National Aeronautics and Space Administration ( NASA ) and the Department of Defense launched the design engineering of the Space Shuttle reusable space transport system ( MTKS ) .",National Aeronautics and Space Administration,organization based in,U.S.
"Reflection "" : "" Reusable Spacecraft "" ) ( Text ) After the completion of the Apollo moon program at the beginning of the 1970s , the U.S. National Aeronautics and Space Administration ( NASA ) and the Department of Defense launched the design engineering of the Space Shuttle reusable space transport system ( MTKS ) .",NASA,organization based in,U.S.
"Reflection "" : "" Reusable Spacecraft "" ) ( Text ) After the completion of the Apollo moon program at the beginning of the 1970s , the U.S. National Aeronautics and Space Administration ( NASA ) and the Department of Defense launched the design engineering of the Space Shuttle reusable space transport system ( MTKS ) .",Department of Defense,collaborated with,U.S.
"In 1846 , ` ` Buffalo Bill ' ' Cody was born near Davenport , Iowa .",Department of Defense,collaborated with,U.S.
"In 1846 , ` ` Buffalo Bill ' ' Cody was born near Davenport , Iowa .",Department of Defense,collaborated with,U.S.
"Let Us Remember That When Electing Parliament on 10 April and the President of Ukraine on 26 June : Ivan Plyushch : 'We Must Bring New Blood to Power As Quickly As Possible ' "" ) ( Text ) As we know , Supreme Soviet Council Ivan Plyushch won the elections .",Ivan Plyushch,work for,Supreme Soviet Council
"Let Us Remember That When Electing Parliament on 10 April and the President of Ukraine on 26 June : Ivan Plyushch : 'We Must Bring New Blood to Power As Quickly As Possible ' "" ) ( Text ) As we know , Supreme Soviet Council Ivan Plyushch won the elections .",Ivan Plyushch,member of,Supreme Soviet Council
Sao Paulo GAZETA MERCANTIL,GAZETA MERCANTIL,organization based in,Sao Paulo
Gov. Bob Miller recently signed a bill prohibiting storage of high-level radioactive waste in Nevada.,GAZETA MERCANTIL,organization based in,Sao Paulo
"King was shot by James Earl Ray on April 4 , 1968 , as he stood on the balcony outside Room 306 at the motel .",James Earl Ray,kill,King
"In 1817 , naturalist-author Henry David Thoreau was born in Concord , Mass .",Henry David Thoreau,born in,"Concord , Mass"
BSP floor leader Nora Ananieva told BTA that the NATO ultimatum is rather a preventive measure and it will hardly come to actual air strikes .,Nora Ananieva,work for,BSP
He said the failure of the talks between the Phnom Penh government and the Khmer Rouge faction in Pyongyang recently was due to the fact that the Khmer Rouge put forward proposals that did not totally lend support to the integrity of Cambodia .,Phnom Penh government,organization based in,Cambodia
He said the failure of the talks between the Phnom Penh government and the Khmer Rouge faction in Pyongyang recently was due to the fact that the Khmer Rouge put forward proposals that did not totally lend support to the integrity of Cambodia .,Khmer Rouge,undermines integrity of,Cambodia
"` ` The thing to remember is Florida had an education governor , Bob Graham , and he made a substantial investment in schools long before other states were even thinking about reform. ' '",Bob Graham,work for,Florida
"James Helmer , an attorney representing the former manager of the GE plant , said his client had been questioned in connection with the investigation last Oct. 14 by two FBI agents and a representative of the Air Force .",James Helmer,attorney for,GE
"At the request of the Justice Department , all documents in the Divencenzo suit remained under seal until last Friday , when U.S. District Court Judge Carl Rubin denied a federal motion to allow the Justice Department until Feb. 1 to decide whether to join the case as a plaintiff .",Carl Rubin,work for,U.S.
"PASADENA , Calif.",PASADENA,located in,Calif.
"The controversial 18 January senator went on to say there must be a meeting of the 26 senators so they can reach a compromise. ( passage omitted ) For his part , Sen. Bernard Sansaricq described what happened at the Senate office on 8 March -- when Sen. Firmin Jean-Louis , legitimate president of the Senate of the Republic , came back to his office -- as an impertinence .",Bernard Sansaricq,work for,Senate
"The controversial 18 January senator went on to say there must be a meeting of the 26 senators so they can reach a compromise. ( passage omitted ) For his part , Sen. Bernard Sansaricq described what happened at the Senate office on 8 March -- when Sen. Firmin Jean-Louis , legitimate president of the Senate of the Republic , came back to his office -- as an impertinence .",Firmin Jean-Louis,president of,Senate
Biogas Usage in Ciego de Avila Province Detailed FL1802144094 Havana Radio Rebelde Network in Spanish 1255 GMT 18 Feb 94,Radio Rebelde Network,organization based in,Havana
"Chief U.S. Sherman G. Finesilver told the 23 grand jurors their only task during the 18-month term would be ` ` to determine what criminal acts , if any , were committed at Rocky Flats nuclear weapons plant. ' '",Sherman G. Finesilver,work for,U.S.
"Epps credited Norman Vaughan , 83 , of Trapper Creek , Alaska , the last man to see the planes , with keeping the expedition 's hopes alive.",Norman Vaughan,live in,Trapper Creek
"Epps credited Norman Vaughan , 83 , of Trapper Creek , Alaska , the last man to see the planes , with keeping the expedition 's hopes alive.",Norman Vaughan,live in,Alaska
"Epps credited Norman Vaughan , 83 , of Trapper Creek , Alaska , the last man to see the planes , with keeping the expedition 's hopes alive.",Trapper Creek,located in,Alaska
"In 1880 , author-lecturer Helen Keller , who lived most of her life without sight or hearing , was born in Tuscumbia , Ala .",Helen Keller,born in,"Tuscumbia , Ala"
"Former Pepco executive Sharon Pratt Dixon has raised $100 , 261 , while council Chairman David Clarke registered $48 , 875.",Sharon Pratt Dixon,work for,Pepco
Films include footage of Kennedy 's motorcade rolling through Dealey Plaza and NBC 's live broadcast of Jack Ruby fatally shooting Oswald in the basement of the Dallas Police Department .,Jack Ruby,kill,Oswald
"Walking around the assembled governors , Bush also came face to face with the man he defeated last November , Democrat Michael Dukakis of Massachusetts.",Jack Ruby,kill,Oswald
"James Joseph Rovida Jr. , a 55-year-old Los Alamitos truck driver whose life revolved around his wife , his five grown children and his grandchildren , was convicted last month of first-degree murder in the death of Cathy Brock 's husband , Robert Brock .",James Joseph Rovida Jr.,kill,Robert Brock
"In 1880 , author-lecturer Helen Keller , who would live most of her life without sight or hearing , was born in Tuscumbia , Ala.",Helen Keller,born in,"Tuscumbia , Ala."
London Kanal-6 Television,Kanal-6 Television,organization based in,London
"( Text ) Speaking to newsmen in Jakarta today , Hun Sen , second prime of Cambodia , reiterated that the Phnom Penh government will not hold further negotiations with the Khmer Rouge ( KR ) because it has used all the topics discussed between the two sides at past talks as a platform to support its existence .",Hun Sen,work for,Cambodia
"( Text ) Speaking to newsmen in Jakarta today , Hun Sen , second prime of Cambodia , reiterated that the Phnom Penh government will not hold further negotiations with the Khmer Rouge ( KR ) because it has used all the topics discussed between the two sides at past talks as a platform to support its existence .",Hun Sen,work for,Phnom Penh government
"( Text ) Speaking to newsmen in Jakarta today , Hun Sen , second prime of Cambodia , reiterated that the Phnom Penh government will not hold further negotiations with the Khmer Rouge ( KR ) because it has used all the topics discussed between the two sides at past talks as a platform to support its existence .",Phnom Penh government,government of,Cambodia
"( Text ) Speaking to newsmen in Jakarta today , Hun Sen , second prime of Cambodia , reiterated that the Phnom Penh government will not hold further negotiations with the Khmer Rouge ( KR ) because it has used all the topics discussed between the two sides at past talks as a platform to support its existence .",Khmer Rouge,organization based in,Cambodia
"( Text ) Speaking to newsmen in Jakarta today , Hun Sen , second prime of Cambodia , reiterated that the Phnom Penh government will not hold further negotiations with the Khmer Rouge ( KR ) because it has used all the topics discussed between the two sides at past talks as a platform to support its existence .",KR,no further negotiations,Cambodia
"In 1905 , actor Henry Fonda was born in Grand Island , Neb .",KR,no further negotiations,Cambodia
"The third Weerts child , 12-year-old Tanya , died Saturday evening at Shands Hospital in nearby Gainesville .",Shands Hospital,organization based in,Gainesville
"In 1879 , humorist Will Rogers was born in Oologah , Okla.",Will Rogers,born in,"Oologah , Okla."
Madrid EFE,EFE,organization based in,Madrid
"TUCSON , Ariz .",TUCSON,none,Ariz .
"Clinton Has 'Donated ' $12 Billion to Russia "" ) ( Text ) The Moscow meeting between the presidents of the United States , Russia , and Ukraine has prompted a number of rumors .",Clinton,none,United States
"Temperatures around the nation at 3 p.m. EDT ranged from 59 degrees at Astoria , Ore. , to 106 degrees at Needles , Calif.",Astoria,located in,Ore.
"Temperatures around the nation at 3 p.m. EDT ranged from 59 degrees at Astoria , Ore. , to 106 degrees at Needles , Calif.",Needles,located in,Calif.
"` ` We get worse thunderstorms than this , ' ' said Betty Barrow , a 28-year resident who remained on High Island.",Needles,located in,Calif.
"Christophersen Says "" ) ( Text ) ( ANSA ) Brussels , May 25 -- Price and exchange rate stability , achieved by reducing the inflation rate by no more than 2-3 percent by 1996 , were among the primary objectives indicated by the European Commission to member states , including Italy , in a program document outlined here today by Commissioner Henning Christophersen .",ANSA,organization based in,Brussels
"On June 23 , a cable arrived at the State Department in Washington from the U.S. Embassy in Ethiopia 's capitol.",State Department,organization based in,Washington
"On June 23 , a cable arrived at the State Department in Washington from the U.S. Embassy in Ethiopia 's capitol.",U.S. Embassy,organization based in,Ethiopia
"The investigation centers on a check and drain valve for the F404 engine that powers the Navy 's FA-18 fighter , GE spokesman Richard Kennedy said Wednesday .",Richard Kennedy,work for,GE
"YAKIMA , Wash.",YAKIMA,located in,Wash.
"Art historian and teacher Sydney J. Freedberg , 74 , born in Boston , a noted scholar of the Italian Renaissance who taught at Harvard from 1938 to 1983 with the exception of eight years at Wellesley College.",Sydney J. Freedberg,born in,Boston
"About 2 , 500 people on Grand Isle , a tiny resort area just off the southeast Louisiana coast , were asked to go to the mainland.",Grand Isle,located in,Louisiana
"Teruo Sofue , a staff member of the comprehensive development department at NASDA , said : "" By reinforcing the H-2 rocket , we can expand the range of space development .",Teruo Sofue,work for,NASDA
"An Wang , a native of Shanghai , China , who developed the magnetic pulse controlling device , the principle on which computer memory operates .",An Wang,native of,"Shanghai , China"
"PY1204232594 Buenos Aires CLARIN in Spanish 10 Apr 94 Economic Supplement p 6 , 7",CLARIN,organization based in,Buenos Aires
SAN FRANCISCO ( AP ),AP,organization based in,SAN FRANCISCO
"In 1904 , bandleader Jimmy Dorsey was born in Shenandoah , Penn .",AP,organization based in,SAN FRANCISCO
"Larry Martin , circulation director for the publishing company jointly owned by the parent companies of the Star and the evening Tucson Citizen , estimated that 3 , 000 to 5 , 000 bogus copies were placed in as many as 600 Star vending machines .",Larry Martin,organization based in,Tucson
"Hoffman , who portrays an autistic savant in the movie , returned the favor and called the Fresno boy Monday , talking with Brent and his family for 20 minutes .",Brent,live in,Fresno
"Andrews Lock and Dam , Henry County , Ala. ;",Andrews Lock and Dam,located in,Henry County
"Andrews Lock and Dam , Henry County , Ala. ;",Andrews Lock and Dam,located in,Ala.
"Andrews Lock and Dam , Henry County , Ala. ;",Henry County,located in,Ala.
"Only Booth was successful , shooting Lincoln at 10 : 15 p.m. on April 14 .",Booth,kill,Lincoln
"NIAGARA FALLS , N.Y .",Booth,kill,Lincoln
"BRUSSELS , Belgium ( AP )",BRUSSELS,none,Belgium
"BRUSSELS , Belgium ( AP )",AP,organization based in,BRUSSELS
"BRUSSELS , Belgium ( AP )",AP,organization based in,Belgium
Kiev PRAVDA UKRAINY,PRAVDA UKRAINY,organization based in,Kiev
"In 1846 , ` ` Buffalo Bill ' ' Cody was born near Davenport , Iowa.",PRAVDA UKRAINY,organization based in,Kiev
"In 1846 , ` ` Buffalo Bill ' ' Cody was born near Davenport , Iowa.",PRAVDA UKRAINY,organization based in,Kiev
"DAYTON , Ohio ( AP )",DAYTON,located in,Ohio
"FAA Administrator Allan McArtor issued the order after the British Civil Aviation Authority ordered similar checks for three types of aircraft flown by British carriers , including the same two models of the 737 and the Airbus A320 .",Allan McArtor,work for,FAA
"On Dec. 14 , rescuers pulled a mother , Susanna Petrosyan , and her 4-year-old daughter , Gayaney , out of the rubble in Leninakan .",Susanna Petrosyan,rescued in,Leninakan
"On Dec. 14 , rescuers pulled a mother , Susanna Petrosyan , and her 4-year-old daughter , Gayaney , out of the rubble in Leninakan .",Gayaney,rescued in,Leninakan
"Sirhan , a Christian Arab , was sentenced to death for Kennedy 's murder but was spared from gas chamber after California 's death penalty law was overturned in 1972 .",Sirhan,kill,Kennedy
An outraged President Bush is weighing U.S. options for responding to the ` ` brutal and tragic ' ' murder of Marine Lt. William Higgins while ruling out negotiations with Lebanese terrorists threatening to kill more hostages.,Bush,work for,U.S.
"In 1901 , President William McKinley 's assassin , Leon Czolgosz , was electrocuted .",Leon Czolgosz,kill,President William McKinley
"Genetic material could disclose whether Lincoln was afflicted with an inherited disease called Marfan syndrome , as some experts suspect from indirect evidence , which could have taken his life at any time , even if John Wilkes Booth had not assassinated him at Ford 's Theater on April 14 , 1865. ;",John Wilkes Booth,kill,Lincoln
"( Text ) Diego Fernandez de Cevallos is reportedly ahead of Ernesto Zedillo , candidate of the Institutional Revolutionary Party ( PRI ) by only 5 percent of the vote in the race for the Presidency of the republic , according to two recent polls , one conducted by the Opinion Research Center ( CEO ) and the University of Guadalajara and the other by the Indemerc-Louis Harris Firm .",Ernesto Zedillo,work for,Institutional Revolutionary Party
Palestine Liberation Organization chairman Yasser Arafat addressed a league committee and berated Arab colleagues for reneging on their promise of aid to the people of the Israeli occupied West Bank and Gaza Strip .,Yasser Arafat,chairman of,Palestine Liberation Organization
"Other power lines brought down by high winds caused outages that affected about 6 , 000 homes and businesses served by Southern California Edison in Los Angeles and Orange counties , said Edison spokesman Kevin Kelly .",Kevin Kelly,work for,Southern California Edison
"Other power lines brought down by high winds caused outages that affected about 6 , 000 homes and businesses served by Southern California Edison in Los Angeles and Orange counties , said Edison spokesman Kevin Kelly .",Kevin Kelly,work for,Edison
"On Monday , FBI spokesman Doug Beldon in Albuquerque , N.M. , said the agency would provide background information on the Henley disappearance and make available its laboratory and identification division in Washington.",Kevin Kelly,work for,Edison
"On Monday , FBI spokesman Doug Beldon in Albuquerque , N.M. , said the agency would provide background information on the Henley disappearance and make available its laboratory and identification division in Washington.",Doug Beldon,work for,FBI
"On Monday , FBI spokesman Doug Beldon in Albuquerque , N.M. , said the agency would provide background information on the Henley disappearance and make available its laboratory and identification division in Washington.",Doug Beldon,works in,Albuquerque
"On Monday , FBI spokesman Doug Beldon in Albuquerque , N.M. , said the agency would provide background information on the Henley disappearance and make available its laboratory and identification division in Washington.",Doug Beldon,works in,N.M.
"On Monday , FBI spokesman Doug Beldon in Albuquerque , N.M. , said the agency would provide background information on the Henley disappearance and make available its laboratory and identification division in Washington.",Albuquerque,organization based in,N.M.
"With exhilaration tempered by ` ` this deficit looming over everything , ' ' Bush takes office at noon Friday , convinced there is neither a need nor a mandate for dramatic change to put his imprint on the White House .",Bush,work for,White House
"Yugoslavia recalled its ambassador to the United States because he was unable to stop Congress from accusing Yugoslavia of human rights abuses , a newspaper said Tuesday.",Congress,organization based in,United States
"Among the enterprises that consume large amounts of energy , 25 have exceeded quotas -- among them the rope and thread factory ; the Martires leather factory in Caguasu ; the meat complex ; the metal-tooling factory ; and the Cuba Libre , Juan Avila , Reinol Garcia , Mexico , and Jovellanos Farming Complexes .",Martires leather factory,organization based in,Caguasu
"( Text ) Cairo , 2 May ( MENA ) --President Husni Mubarak has stressed that Egypt made tremendous efforts to help achieve the signing next Wednesday of an agreement on the implementation of the Palestinian-Israeli Declaration of Principles .",Husni Mubarak,none,Cairo
"( Article by Nick Rufford , Far East correspondent )",Nick Rufford,work for,Far East
"Larry Sturholm , 46 , was a feature reporter for KIRO Television.",Nick Rufford,work for,Far East
"Venezuela 's chief debt negotiator , Miguel Rodriguez , told reporters Monday that his country would seek at least a 50 percent reduction of its debt , beyond Mexico 's gains in negotiations with its bank creditors.",Miguel Rodriguez,work for,Venezuela
"Use of the right ranged from an estimate of 40 percent to 60 percent in St. Louis County in northeastern Minnesota to only seven or eight times in Hennepin County , which has nearly 1 million residents and almost one-fourth of the state 's population.",St. Louis County,located in,Minnesota
"Mr Kim asked that regulations be eased to allow more South Korean firms to invest in construction and communications projects in Thailand , while Prime Minister Chuan asked that South Korea import more Thai agricultural goods .",Mr Kim,work for,South Korea
"In 1873 , radio electronics pioneer Dr. Lee DeForest was born in Council Bluffs , Iowa .",Mr Kim,work for,South Korea
"Philadelphia Museum of Art : "" Perpetual Motif : The Art of Man Ray "" -- More than 250 paintings , collages , drawings , photographs , objects and films commemorate the centennial of the artist 's birth in Philadelphia .",Man Ray,born in,Philadelphia
"BLYTHE , Calif .",BLYTHE,none,Calif .
"The rig , leased from Avis Bourg Co. of Folsom , had left a Chevron worksite because of the threat of Chantal.",Avis Bourg Co.,organization based in,Folsom
"The temblor measured 3.9 on the Richter scale and was centered 10 miles below the Lacamas Lake area , just northeast of Camas , Wash. , said Chris Jonientz-Trisler , seismic analyst at the University of Washington Seismology Lab.",Camas,none,Wash.
"The temblor measured 3.9 on the Richter scale and was centered 10 miles below the Lacamas Lake area , just northeast of Camas , Wash. , said Chris Jonientz-Trisler , seismic analyst at the University of Washington Seismology Lab.",Chris Jonientz-Trisler,work for,University of Washington Seismology Lab.
"The temblor measured 3.9 on the Richter scale and was centered 10 miles below the Lacamas Lake area , just northeast of Camas , Wash. , said Chris Jonientz-Trisler , seismic analyst at the University of Washington Seismology Lab.",University of Washington Seismology Lab.,organization based in,Wash.
"He was one of the first to use color in appliances , first out of boredom with black and white and later out of disgust with what he calls "" that rash of avocado green business in the '50s . "" ; Many consider him the Frank Lloyd Wright of industrial design , not surprising since both men were born and raised in Wisconsin and did perhaps their most important work in the Midwest. ;",Frank Lloyd Wright,born in,Wisconsin
"The seven-day average yield on money market mutual funds fell in the week ended Tuesday to 8.28 percent from 8.39 percent the previous week , according to Donoghue 's Money Fund Report , a trade journal based in Holliston , Mass .",Holliston,organization based in,Mass
Why did not the plane ask for landing in Gyandzha or Shamkhor in Azerbaijan where runways of former Soviet military airfields were big enough for all types of heavy planes ?,Gyandzha,none,Azerbaijan
Why did not the plane ask for landing in Gyandzha or Shamkhor in Azerbaijan where runways of former Soviet military airfields were big enough for all types of heavy planes ?,Gyandzha,organization based in,Soviet
Why did not the plane ask for landing in Gyandzha or Shamkhor in Azerbaijan where runways of former Soviet military airfields were big enough for all types of heavy planes ?,Shamkhor,located in,Azerbaijan
Why did not the plane ask for landing in Gyandzha or Shamkhor in Azerbaijan where runways of former Soviet military airfields were big enough for all types of heavy planes ?,Shamkhor,organization based in,Soviet
Why did not the plane ask for landing in Gyandzha or Shamkhor in Azerbaijan where runways of former Soviet military airfields were big enough for all types of heavy planes ?,Azerbaijan,organization based in,Soviet
"WARSAW , Poland ( AP )",WARSAW,none,Poland
"WARSAW , Poland ( AP )",AP,organization based in,WARSAW
"WARSAW , Poland ( AP )",AP,organization based in,Poland
U.S. Bankruptcy Judge Harold Abramson said creditors in the bankruptcy case of William Herbert and Nancy Hunt can submit suggestions on how the Hunts should repay their debts.,Harold Abramson,work for,U.S.
"As a young girl in western New York , Lucille Ball hawked hot dogs and popcorn at an amusement park as she dreamed of starring in movies , hometown friends recalled .",Lucille Ball,lived in,New York
"Fire crews have ` ` just been holding their own so the lower temperatures are really going to help things out , ' ' Boise National Forest spokeswoman Lynette Davis said.",Lynette Davis,work for,Boise National Forest
"In 1872 , the 30th president of the United States , Calvin Coolidge , was born in Plymouth , Vt .",Lynette Davis,work for,Boise National Forest
WS2204094594 Kiev UT-1 Television Network in Ukrainian 0500 GMT 22 Apr 94,UT-1 Television Network,organization based in,Kiev
Jesse Jackson said Sunday that winning in his native South Carolina may give him the momentum in his adopted home state to upset Illinois Sen. Paul Simon in the primary here on Tuesday.,Jesse Jackson,native,South Carolina
"The presidential meeting in Cuenca , third most important city in Ecuador , would have been held on 26 May , on occasion of the 25th anniversary of the signing of the Cartagena Agreement that gave birth to the Andean Group .",Cuenca,city in,Ecuador
This is how the politicians assessed the DEP 's withdrawal from the political arena so close to the elections and when it had fielded its candidates all over Turkey : Prime Tansu Ciller said : I was expecting such a decision .,Tansu Ciller,none,Turkey
"In 1783 , Washington Irving , author of ` ` Rip Van Winkle ' ' and ` ` The Legend of Sleepy Hollow , ' ' was born in New York City .",Washington Irving,born in,New York City
"And last week , the Vatican named its first bishop in the Soviet republic of Byelorussia since the aftermath of the Russian Revolution.",Byelorussia,organization based in,Soviet
"Robert Kennedy was shot by Sirhan Sirhan and mortally wounded shortly after midnight on June 5 , 1968 , after he had addressed a crowd of supporters gathered in the Ambassador Hotel to celebrate his election victory of the day before .",Sirhan Sirhan,kill,Robert Kennedy
They say that Oswald was a poor marksman and that the shot that hit Kennedy and wounded former Texas Gov. John Connally could only have been made by an expert.,Oswald,kill,Kennedy
"On this date : In 1833 , Benjamin Harrison , the 23rd president of the United States , was born in North Bend , Ohio .",Oswald,kill,Kennedy
"Libya 's deputy ambassador , Ali Sunni Muntasser , said the pictures were retouched and the planes were unarmed and on reconnaissance flights .",Ali Sunni Muntasser,work for,Libya
"The spy , high-ranking Korean CIA official Sohn Ho Young , wanted to defect because he was about to be transferred home from a post in New York City , the newspaper said .",Sohn Ho Young,work for,Korean CIA
"Committee-General Command of the Zapatist National Liberation Army "" from the Mexican Southeast "" on 15 March ) ( Text ) 15 March 1994 To the people of Mexico , to the people and governments of the world , to the local and international media , brothers : The CCRI-CG ( Indian Revolutionary Clandestine Committee-General Command ) of the EZLN ( Zapatist National Liberation Army ) addresses all of you with respect and honor to state the following : Since the phase prior to the San Cristobal dialogue , the CCRI-CG of the EZLN requested legal support with various problems that the war process and the peace process presented for our Army .",Zapatist National Liberation Army,organization based in,Mexican Southeast
"Committee-General Command of the Zapatist National Liberation Army "" from the Mexican Southeast "" on 15 March ) ( Text ) 15 March 1994 To the people of Mexico , to the people and governments of the world , to the local and international media , brothers : The CCRI-CG ( Indian Revolutionary Clandestine Committee-General Command ) of the EZLN ( Zapatist National Liberation Army ) addresses all of you with respect and honor to state the following : Since the phase prior to the San Cristobal dialogue , the CCRI-CG of the EZLN requested legal support with various problems that the war process and the peace process presented for our Army .",Zapatist National Liberation Army,organization based in,Mexico
"Committee-General Command of the Zapatist National Liberation Army "" from the Mexican Southeast "" on 15 March ) ( Text ) 15 March 1994 To the people of Mexico , to the people and governments of the world , to the local and international media , brothers : The CCRI-CG ( Indian Revolutionary Clandestine Committee-General Command ) of the EZLN ( Zapatist National Liberation Army ) addresses all of you with respect and honor to state the following : Since the phase prior to the San Cristobal dialogue , the CCRI-CG of the EZLN requested legal support with various problems that the war process and the peace process presented for our Army .",EZLN,organization based in,Mexican Southeast
"Committee-General Command of the Zapatist National Liberation Army "" from the Mexican Southeast "" on 15 March ) ( Text ) 15 March 1994 To the people of Mexico , to the people and governments of the world , to the local and international media , brothers : The CCRI-CG ( Indian Revolutionary Clandestine Committee-General Command ) of the EZLN ( Zapatist National Liberation Army ) addresses all of you with respect and honor to state the following : Since the phase prior to the San Cristobal dialogue , the CCRI-CG of the EZLN requested legal support with various problems that the war process and the peace process presented for our Army .",EZLN,organization based in,Mexico
"Committee-General Command of the Zapatist National Liberation Army "" from the Mexican Southeast "" on 15 March ) ( Text ) 15 March 1994 To the people of Mexico , to the people and governments of the world , to the local and international media , brothers : The CCRI-CG ( Indian Revolutionary Clandestine Committee-General Command ) of the EZLN ( Zapatist National Liberation Army ) addresses all of you with respect and honor to state the following : Since the phase prior to the San Cristobal dialogue , the CCRI-CG of the EZLN requested legal support with various problems that the war process and the peace process presented for our Army .",EZLN,organization based in,Mexico
"Committee-General Command of the Zapatist National Liberation Army "" from the Mexican Southeast "" on 15 March ) ( Text ) 15 March 1994 To the people of Mexico , to the people and governments of the world , to the local and international media , brothers : The CCRI-CG ( Indian Revolutionary Clandestine Committee-General Command ) of the EZLN ( Zapatist National Liberation Army ) addresses all of you with respect and honor to state the following : Since the phase prior to the San Cristobal dialogue , the CCRI-CG of the EZLN requested legal support with various problems that the war process and the peace process presented for our Army .",EZLN,organization based in,Mexico
"Committee-General Command of the Zapatist National Liberation Army "" from the Mexican Southeast "" on 15 March ) ( Text ) 15 March 1994 To the people of Mexico , to the people and governments of the world , to the local and international media , brothers : The CCRI-CG ( Indian Revolutionary Clandestine Committee-General Command ) of the EZLN ( Zapatist National Liberation Army ) addresses all of you with respect and honor to state the following : Since the phase prior to the San Cristobal dialogue , the CCRI-CG of the EZLN requested legal support with various problems that the war process and the peace process presented for our Army .",EZLN,organization based in,Mexican Southeast
"Committee-General Command of the Zapatist National Liberation Army "" from the Mexican Southeast "" on 15 March ) ( Text ) 15 March 1994 To the people of Mexico , to the people and governments of the world , to the local and international media , brothers : The CCRI-CG ( Indian Revolutionary Clandestine Committee-General Command ) of the EZLN ( Zapatist National Liberation Army ) addresses all of you with respect and honor to state the following : Since the phase prior to the San Cristobal dialogue , the CCRI-CG of the EZLN requested legal support with various problems that the war process and the peace process presented for our Army .",EZLN,organization based in,Mexico
Panama City ACAN,ACAN,none,Panama City
""" We believe that such actions will not break the will of the majority of South Africans , who voted for a democratic future and for a prosperous South Africa , "" the spokesman for Russia 's Foreign Ministry concluded .",Foreign Ministry,organization based in,Russia
"The summary also concluded that Sirhan , who is serving a life sentence at Soledad Prison for the killing , was sane and was not under the influence of alcohol when he shot Kennedy moments after he had claimed victory in the California Democratic presidential primary .",Sirhan,kill,Kennedy
"The hall has been adept at publicity , organizing high-profile North Dakota appearances by Miss Dickinson _ a native of Kulm , south of Jamestown _",Miss Dickinson,from,Kulm
Nor is it mentioned that this conclusion is confirmed by ballistic evidence that shows that the bullet that struck Kennedy 's head and the bullet that passed through his neck and struck then-Texas Gov. John Connally were fired from Lee Harvey Oswald 's rifle found at the Texas School Book Depository Building. ;,Lee Harvey Oswald,kill,Kennedy
"He said he is not sure what caused the rift between the brothers , who grew up in Bedford in southern Indiana playing basketball and fishing together.",Bedford,live in,Indiana
NEW YORK ( AP ),AP,organization based in,NEW YORK
"A group of 20 U.S. and Soviet volunteers spent July in Soviet Armenia rebuilding homes destroyed by the earthquake , which killed tens of thousands of people.",Armenia,organization based in,Soviet
"KHARTOUM , Sudan ( AP )",KHARTOUM,capital of,Sudan
Moscow METEOROLOGIYA I GIDROLOGIYA,METEOROLOGIYA I GIDROLOGIYA,organization based in,Moscow
"A perservation group is trying to save the landmark Texas Theater , the movie house where Lee Harvey Oswald was captured after the assassination of President Kennedy .",Lee Harvey Oswald,assassin of,President Kennedy
"It launched the careers of many well-known actors , including Corbin Bernsen , who stars on NBC 's ` ` L.A. Law , ' ' and Kate Mulgrew , star of ABC 's ` ` HeartBeat. ' '",Corbin Bernsen,work for,NBC
"It launched the careers of many well-known actors , including Corbin Bernsen , who stars on NBC 's ` ` L.A. Law , ' ' and Kate Mulgrew , star of ABC 's ` ` HeartBeat. ' '",Kate Mulgrew,work for,ABC
"In 1822 , the 19th president of the United States , Rutherford B. Hayes , was born in Delaware , Ohio .",Kate Mulgrew,work for,ABC
PY2604013394 Rio de Janeiro O GLOBO in Portuguese 23 Apr 94 p 8,O GLOBO,organization based in,Rio de Janeiro
"In sentencing Johnny Campbell and Alicia Abraham , Circuit Judge Michael B. Getty said if he had let emotions dictate his actions , the two would have received the death penalty for ` ` the vicious , brutally sadistic torture and murder of Lattie McGee. ' '",O GLOBO,organization based in,Rio de Janeiro
"In sentencing Johnny Campbell and Alicia Abraham , Circuit Judge Michael B. Getty said if he had let emotions dictate his actions , the two would have received the death penalty for ` ` the vicious , brutally sadistic torture and murder of Lattie McGee. ' '",O GLOBO,organization based in,Rio de Janeiro
"` ` It 's not going to be a major hurricane , but there will be beach erosion , tides 10 feet above normal in some places and 10 to 15 inches of rain over Mississippi , Louisiana and eastern Texas , ' ' said Todd Kimberlain of the National Hurricane Center.",O GLOBO,organization based in,Rio de Janeiro
"Gilmore , of the Downtown Seattle Association , said that the city 's 1985 downtown zoning was the product of four years of debate and that any changes should be made through more hearings and City Council votes .",Gilmore,work for,Downtown Seattle Association
"` ` Up to 5 million trees planted in the right places in Southern California will conserve the energy equivalent of one to two new power plants , ' ' said Andy Lipkis , executive of TreePeople , a conservation and community-action group that is organizing the planting campaign .",Andy Lipkis,work for,TreePeople
Mark David Chapman fatally shot Lennon nine years ago in New York .,Mark David Chapman,kill,Lennon
"Last week , commissioners approved spending $2.3 million in county funds for constructing an outside elevator , to be used to carry visitors to the sixth floor , where Lee Harvey Oswald was believed to have perched on the day of the Kennedy assassination , Nov. 22 , 1963 .",Lee Harvey Oswald,kill,Kennedy
"Lucille Ball was born in Jamestown , N.Y. , the daughter of an electrician and a concert pianist.",Lucille Ball,born in,"Jamestown , N.Y."
"( Text ) Tokyo , June 20 KYODO -- It cannot be denied that North Korea has extracted plutonium from the spent fuel of its nuclear reactor , Foreign Koji Kakizawa said Monday .",Koji Kakizawa,none,Tokyo
"Tuesday 's low in the Lower 48 states was 33 degrees at Truckee , Calif.",Truckee,located in,Calif.
"The $40 million , three-hour film centers on the conspiracy theories of former New Orleans District Attorney Jim Garrison , who believed that Lee Harvey Oswald did not act alone in the slaying of President Kennedy and was , in fact , a patsy for the military , the Central Intelligence Agency and corporate defense contractors .",Lee Harvey Oswald,kill,President Kennedy
"Today 's Highlight in History : On Jan. 8 , 1935 , rock 'n ' legend Elvis Presley was born in Tupelo , Miss .",Lee Harvey Oswald,kill,President Kennedy
"In 1865 , John Wilkes Booth , the assassin of President Abraham Lincoln , was surrounded by federal troops near Bowling Green , Va. , and killed .",John Wilkes Booth,assassin of,President Abraham Lincoln
"On this date : In 1735 , Paul Revere was born in Boston .",Paul Revere,born in,Boston
"He will be the first Vanderbilt artist-in-residence under an endowment in honor of Fred Coe , a director-producer who grew up in Nashville and worked on network TV shows such as Philco Playhouse , Playhouse 90 , Producer 's Showcase and others .",Fred Coe,lived in,Nashville
Financial Company Office Bombed in Valparaiso PY2712122793 Madrid EFE in Spanish 1419 GMT 26 Dec 93,EFE,organization based in,Madrid
It was translated from Arabic by The Associated Press bureau in Beirut :,The Associated Press,organization based in,Beirut
JN3003215794 Baghdad BABIL in Arabic 26 Mar 94 p 2,BABIL,none,Baghdad
All Parties Seen as Winners Under Tripartite Agreement PM2401200594 Moscow KOMSOMOLSKAYA PRAVDA in Russian 25 Jan 94 p 3,KOMSOMOLSKAYA PRAVDA,organization based in,Moscow
Riga Radio Riga Network,Radio Riga Network,organization based in,Riga
Kiev SILSKI VISTI,SILSKI VISTI,organization based in,Kiev
"BUENOS AIRES , Argentina ( AP )",BUENOS AIRES,none,Argentina
"Mason , who headed the Centers for Disease Control in Atlanta before being appointed to the No. 2 HHS job by President Bush , said he faces a similar dilemma in the emerging fiscal 1990 budget because the AZT program is authorized at $30 million but not included in the appropriations bill scheduled for debate later this week.",Mason,work for,Centers for Disease Control
"Mason , who headed the Centers for Disease Control in Atlanta before being appointed to the No. 2 HHS job by President Bush , said he faces a similar dilemma in the emerging fiscal 1990 budget because the AZT program is authorized at $30 million but not included in the appropriations bill scheduled for debate later this week.",Mason,organization based in,Atlanta
"Mason , who headed the Centers for Disease Control in Atlanta before being appointed to the No. 2 HHS job by President Bush , said he faces a similar dilemma in the emerging fiscal 1990 budget because the AZT program is authorized at $30 million but not included in the appropriations bill scheduled for debate later this week.",Mason,work for,HHS
"Mason , who headed the Centers for Disease Control in Atlanta before being appointed to the No. 2 HHS job by President Bush , said he faces a similar dilemma in the emerging fiscal 1990 budget because the AZT program is authorized at $30 million but not included in the appropriations bill scheduled for debate later this week.",Centers for Disease Control,organization based in,Atlanta
Oswald had been arrested two days earlier in the shooting of President John F. Kennedy .,Oswald,kill,President John F. Kennedy
"Today Superior Court Judge William Pounders likened Buckey 's jail exit to the televised slaying of President John F. Kennedy 's killer , Lee Harvey Oswald , by Dallas nightclub owner Jack Ruby in 1963 .",Lee Harvey Oswald,killer of,President John F. Kennedy
"Today Superior Court Judge William Pounders likened Buckey 's jail exit to the televised slaying of President John F. Kennedy 's killer , Lee Harvey Oswald , by Dallas nightclub owner Jack Ruby in 1963 .",Jack Ruby,kill,Lee Harvey Oswald
"Today 's highlight in history : On the Ides of March , 44 B.C. , Roman Emperor Julius Caesar was assassinated by a group of nobles that included Brutus and Cassius.",Brutus,kill,Roman Emperor Julius Caesar
"Today 's highlight in history : On the Ides of March , 44 B.C. , Roman Emperor Julius Caesar was assassinated by a group of nobles that included Brutus and Cassius.",Cassius.,assassin,Roman Emperor Julius Caesar
Tokyo YOMIURI SHIMBUN,YOMIURI SHIMBUN,organization based in,Tokyo
"Dancer , choreographer and dance director Jerome Robbins , 69 , born in New York , who made his dance debut at 19 and later choreographed such Broadway hits as ` ` On the Town ' ' and ` ` Call Me Madam ' ' as well as both the stage and screen versions of ` ` The King and I. ' '",Jerome Robbins,born in,New York
"James Earl Ray , who is serving a 99-year prison sentence for the assassination of the Rev. Martin Luther King , lost a Supreme Court appeal today .",James Earl Ray,kill,Rev. Martin Luther King
"It recommended stopping nuclear fuels processing at four sites where problems have been highly publicized : the Rocky Flats Plant near Denver , the Hanford Site near Richland , Wash. , the Feed Materials Production Center at Fernald , Ohio , and the Mound Plant in Ohio .",Richland,organization based in,Wash.
"It recommended stopping nuclear fuels processing at four sites where problems have been highly publicized : the Rocky Flats Plant near Denver , the Hanford Site near Richland , Wash. , the Feed Materials Production Center at Fernald , Ohio , and the Mound Plant in Ohio .",Feed Materials Production Center,located in,Fernald
"It recommended stopping nuclear fuels processing at four sites where problems have been highly publicized : the Rocky Flats Plant near Denver , the Hanford Site near Richland , Wash. , the Feed Materials Production Center at Fernald , Ohio , and the Mound Plant in Ohio .",Feed Materials Production Center,located in,Ohio
"It recommended stopping nuclear fuels processing at four sites where problems have been highly publicized : the Rocky Flats Plant near Denver , the Hanford Site near Richland , Wash. , the Feed Materials Production Center at Fernald , Ohio , and the Mound Plant in Ohio .",Feed Materials Production Center,located in,Ohio
"It recommended stopping nuclear fuels processing at four sites where problems have been highly publicized : the Rocky Flats Plant near Denver , the Hanford Site near Richland , Wash. , the Feed Materials Production Center at Fernald , Ohio , and the Mound Plant in Ohio .",Fernald,organization based in,Ohio
"It recommended stopping nuclear fuels processing at four sites where problems have been highly publicized : the Rocky Flats Plant near Denver , the Hanford Site near Richland , Wash. , the Feed Materials Production Center at Fernald , Ohio , and the Mound Plant in Ohio .",Mound Plant,organization based in,Ohio
"Sirhan Sirhan , a Jordanian immigrant , was convicted of murdering Kennedy and is serving a life term at Soledad Prison .",Sirhan Sirhan,kill,Kennedy
"However , Franca Chlistovsky , who heads the Brera metereologic institute in Milan , said this winter 's dry spell was not exceptional and several worse years have been registered since 1950 .",Franca Chlistovsky,work for,Brera metereologic institute
"However , Franca Chlistovsky , who heads the Brera metereologic institute in Milan , said this winter 's dry spell was not exceptional and several worse years have been registered since 1950 .",Brera metereologic institute,organization based in,Milan
LD0904140094 Helsinki Suomen Yleisradio Network in Finnish 1300 GMT 9 Apr 94,Suomen Yleisradio Network,organization based in,Helsinki
"Maricopa County Superior Court Judge Lindsay Ellis also ordered Miss Bickel to pay $5 , 500 in restitution to Miss Tomazin 's family and to perform 40 hours per week of community service indefinitely .",Superior Court,organization based in,Maricopa County
"Maricopa County Superior Court Judge Lindsay Ellis also ordered Miss Bickel to pay $5 , 500 in restitution to Miss Tomazin 's family and to perform 40 hours per week of community service indefinitely .",Lindsay Ellis,work for,Superior Court
"In the field of mathematical statistics , Fang Kaitai at the Institute of Applied Mathematics and Wang Yuan at the Institute of Mathematics won international recognition last year for their new experimental design method based on the Theory of Numbers concept .",Fang Kaitai,work for,Institute of Applied Mathematics
"In the field of mathematical statistics , Fang Kaitai at the Institute of Applied Mathematics and Wang Yuan at the Institute of Mathematics won international recognition last year for their new experimental design method based on the Theory of Numbers concept .",Wang Yuan,work for,Institute of Mathematics
"Leslie Kota , a spokeswoman for K mart based in Troy , Mich. , said the company would appeal the ruling .",Leslie Kota,work for,K mart
"Leslie Kota , a spokeswoman for K mart based in Troy , Mich. , said the company would appeal the ruling .",K mart,organization based in,Troy
"Leslie Kota , a spokeswoman for K mart based in Troy , Mich. , said the company would appeal the ruling .",K mart,organization based in,Mich.
"Leslie Kota , a spokeswoman for K mart based in Troy , Mich. , said the company would appeal the ruling .",Troy,organization based in,Mich.
"In 1978 , James Earl Ray , convicted assassin of Dr. Martin Luther King Jr. , told a Capitol Hill hearing he did not commit the crime , saying he 'd been set up by a mysterious man called ` ` Raoul. ' '",James Earl Ray,assassin of,Dr. Martin Luther King Jr.
LOS ANGELES ( AP ),AP,organization based in,LOS ANGELES
"Michael Mason , a lobbyist with the American Petroleum Institute , told the news conference that his oil industry trade group believes the proposal to be ` ` a big mistake ' ' because ` ` there should be a level playing field in which all fuels should be able to compete. ' '",Michael Mason,work for,American Petroleum Institute
"WAMPSVILLE , N.Y .",WAMPSVILLE,none,N.Y .
"( Text ) According to Interior Mauri Pekkarinen , Finland 's EU ( European Union ) negotiation result is getting worse and worse while the contents are becoming more exact .",Mauri Pekkarinen,work for,Finland
"Portland , Maine 58 foggy. _Central : Bismarck 76 fair ;",Portland,located in,Maine
""" His position is very supportive ( of the Arrow ) , "" says Oded Ben-Ami , Rabin 's spokesman at the Defense Ministry .",Oded Ben-Ami,work for,Defense Ministry
"Some brought radios , ' ' said Nancy Cowan , Red Cross disaster chairman for Calcasieu and Cameron parishes.",Nancy Cowan,work for,Red Cross
"JOHANNESBURG , South Africa ( AP )",JOHANNESBURG,none,South Africa
"Pittsburgh 's superintendent , Richard C. Wallace , who arrived in 1980 as an outsider to a city enmeshed in a bitter dispute over school desegregation , helped move the school system beyond that dispute and establish it as a national model of reform .",Richard C. Wallace,work for,Pittsburgh
"In Montana , erratic winds and temperatures in the 100s pushed a fire in the Custer National Forest to more than 1 , 200 acres Tuesday , said Jerry Chapman of the Bureau of Land Management.",Custer National Forest,located in,Montana
"In Montana , erratic winds and temperatures in the 100s pushed a fire in the Custer National Forest to more than 1 , 200 acres Tuesday , said Jerry Chapman of the Bureau of Land Management.",Custer National Forest,located in,Montana
"Today 's highlight in history : On Nov. 24 , 1963 , in a scene captured on live network television , Dallas nightclub owner Jack Ruby shot and mortally wounded Lee Harvey Oswald as the accused assassin of President John F. Kennedy was being escorted by police to an armored truck at the Dallas municipal building for transfer to the county jail .",Jack Ruby,kill,Lee Harvey Oswald
"But actor John Wilkes Booth shot Lincoln during the third act , mortally wounding him .",John Wilkes Booth,kill,Lincoln
"Likewise in Miami 's Dade County , the teacher union and superintendent have stopped fighting and started cooperating to devise a reform plan .",Dade County,located in,Miami
( By ITAR-TASS correspondent Boris Sitnikov ),Boris Sitnikov,work for,ITAR-TASS
"NASA officials said the four candidate crewmen will start training for their mission in April at the Marshall Space Flight Center in Huntsville , Ala .",Marshall Space Flight Center,located in,Huntsville
"NASA officials said the four candidate crewmen will start training for their mission in April at the Marshall Space Flight Center in Huntsville , Ala .",Marshall Space Flight Center,located in,Ala
"NASA officials said the four candidate crewmen will start training for their mission in April at the Marshall Space Flight Center in Huntsville , Ala .",Huntsville,organization based in,Ala
"Indeed , it was on June 28 1914 that Gavrilo Princip , a 20-year-old Serb revolutionary student , shot dead Archduke Franz Ferdinand of Austria-Hungary in Sarajevo .",Gavrilo Princip,kill,Archduke Franz Ferdinand
"Indeed , it was on June 28 1914 that Gavrilo Princip , a 20-year-old Serb revolutionary student , shot dead Archduke Franz Ferdinand of Austria-Hungary in Sarajevo .",Austria-Hungary,location of assassination,Sarajevo
40101006B Beijing CHINA DAILY ( SCIENCE MEDICINE ) in English 13 Apr 94 p 5,CHINA DAILY,organization based in,Beijing
( Text ) Crimean Supreme Soviet Chairman Mykola Bahrov met today with U.S. Ambassador to Ukraine William Miller.,William Miller.,work for,Ukraine
Reactors at the Savannah River plant in South Carolina were shut down more than a year ago because of safety concerns.,Savannah River,none,South Carolina
"The district includes central Miami , including the heavily Cuban Little Havana area.",Little Havana,part of,Miami
"` ` I hope they come away with the impression that we are real human beings , with a better understanding of the fact that America is not what they see on the satellite or through the news media , ' ' said Fred Bauman , project manager of the local chapter of Habitat for Humanity , the Yakima Valley Partners , which is overseeing the building.",Fred Bauman,work for,Habitat for Humanity
"` ` I hope they come away with the impression that we are real human beings , with a better understanding of the fact that America is not what they see on the satellite or through the news media , ' ' said Fred Bauman , project manager of the local chapter of Habitat for Humanity , the Yakima Valley Partners , which is overseeing the building.",Fred Bauman,project manager of,Yakima Valley Partners
"A thunderstorm dumped more than half an inch of rain in 12 minutes in Cedar City , Utah Monday afternoon , flooding basements in about 200 homes and buildings.",Cedar City,located in,Utah
Madison County Judge William O 'Brien III set a Feb. 28 hearing date for arguments on whether Timothy Jacobs should be returned to North Carolina .,William O 'Brien III,work for,Madison County
Moscow KOMSOMOLSKAYA PRAVDA,KOMSOMOLSKAYA PRAVDA,organization based in,Moscow
"In San Bernardino County , winds ripped off part of the roof of the sheriff 's station in Rancho Cucamonga and damaged several private cars , said Deputy Denise Garland .",Rancho Cucamonga,organization based in,San Bernardino County
"In San Bernardino County , winds ripped off part of the roof of the sheriff 's station in Rancho Cucamonga and damaged several private cars , said Deputy Denise Garland .",Denise Garland,work for,San Bernardino County
"He was speaking at State House , Nairobi , when receiving credentials from the new high commissioner of Zimbabwe , Mr. Lucas Pande Tavaya .",State House,organization based in,Nairobi
"He was speaking at State House , Nairobi , when receiving credentials from the new high commissioner of Zimbabwe , Mr. Lucas Pande Tavaya .",Mr. Lucas Pande Tavaya,work for,Zimbabwe
"There are an estimated 11 million diabetics nationwide , of whom about 2.5 million give themselves insulin shots each day , said Richard Kahn , chief scientific and medical officer for the American Diabetes Association in Alexandria , Va.",Richard Kahn,work for,American Diabetes Association
"There are an estimated 11 million diabetics nationwide , of whom about 2.5 million give themselves insulin shots each day , said Richard Kahn , chief scientific and medical officer for the American Diabetes Association in Alexandria , Va.",American Diabetes Association,organization based in,Alexandria
"There are an estimated 11 million diabetics nationwide , of whom about 2.5 million give themselves insulin shots each day , said Richard Kahn , chief scientific and medical officer for the American Diabetes Association in Alexandria , Va.",American Diabetes Association,organization based in,Va.
"There are an estimated 11 million diabetics nationwide , of whom about 2.5 million give themselves insulin shots each day , said Richard Kahn , chief scientific and medical officer for the American Diabetes Association in Alexandria , Va.",Alexandria,organization based in,Va.
"Included in the group who remained here was Hua Wen-Yi , a famous opera singer in Shanghai , said Leonard Lee , editor of the Chinese Times , a Chinese language daily newspaper in San Francisco.",Hua Wen-Yi,famous opera singer in,Shanghai
"Included in the group who remained here was Hua Wen-Yi , a famous opera singer in Shanghai , said Leonard Lee , editor of the Chinese Times , a Chinese language daily newspaper in San Francisco.",Hua Wen-Yi,famous opera singer in,Shanghai
NTSB spokesman Alan Pollock said the disassembly process would begin sometime in the next couple weeks.,Alan Pollock,work for,NTSB
JN1404193394 Damascus Syrian Arab Republic Radio Network in Arabic 1530 GMT 14 Apr 94,Syrian Arab Republic Radio Network,organization based in,Damascus
"The rig , leased by Chevron from Avis Bourg Co. of Folsom , was on its side in about 25 feet of water , a Coast Guard spokesman said.",Avis Bourg Co.,organization based in,Folsom
"Surratt , a young Confederate spy who had conspired with John Wilkes Booth to abduct Lincoln in 1864 , fled after Booth shot Lincoln on April 14 , 1865 .",Booth,kill,Lincoln
"Kings Bay , Ga. ;",Kings Bay,none,Ga.
"To handle these tasks , new advanced satellites are to be developed as outlined by Academician M. F. Reshetnov , general designer and director of the Scientific Production Association of Applied Mechanics .",M. F. Reshetnov,work for,Scientific Production Association of Applied Mechanics
"Democratic Gov. Gerald Baliles of Virginia , who was being replaced as chairman of the governors ' association by Republican Terry Branstad of Iowa , said , ` ` We 're impressed with the accessibility and indications of a cooperative attitude ' ' from Bush.",Gerald Baliles,work for,Virginia
"Democratic Gov. Gerald Baliles of Virginia , who was being replaced as chairman of the governors ' association by Republican Terry Branstad of Iowa , said , ` ` We 're impressed with the accessibility and indications of a cooperative attitude ' ' from Bush.",Terry Branstad,work for,Iowa
"The names of hippopotamus twins born at the city zoo will be chosen by another Memphis native and mother of twins , actress Cybill Shepherd , zoo officials said Sunday .",Cybill Shepherd,from,Memphis
Booth sneaked into the President 's box and shot Lincoln in the back of the head .,Booth,kill,Lincoln
"Charles Fried , the current solicitor , is leaving office to return to Harvard University Law School .",Charles Fried,work for,Harvard University Law School
LD2304174694 Moscow INTERFAX in English 1322 GMT 23 Apr 94,INTERFAX,organization based in,Moscow
"Gross , who lives in a luxury high-rise in the Brighton Beach section of Brooklyn , made no comment to a group of tenants who shouted at him as he walked into the lobby wearing sunglasses and a gray scarf around his face .",Brighton Beach,part of,Brooklyn
"Today 's highlight in history : On April 14 , 1865 , President Lincoln was shot and mortally wounded by John Wilkes Booth while attending the comedy ` ` Our American Cousin ' ' at Ford 's Theater in Washington .",John Wilkes Booth,kill,President Lincoln
"In 1963 , in a scene captured on live network television , Dallas nightclub owner Jack Ruby shot and mortally wounded Lee Harvey Oswald , the accused assassin of President Kennedy .",Jack Ruby,kill,Lee Harvey Oswald
"In 1963 , in a scene captured on live network television , Dallas nightclub owner Jack Ruby shot and mortally wounded Lee Harvey Oswald , the accused assassin of President Kennedy .",Lee Harvey Oswald,accused assassin of,President Kennedy
"David Foster is the AP 's Northwest regional reporter , based in Seattle.",David Foster,work for,AP
"David Foster is the AP 's Northwest regional reporter , based in Seattle.",AP,organization based in,Northwest
"David Foster is the AP 's Northwest regional reporter , based in Seattle.",AP,organization based in,Northwest
Jakarta Radio Republik Indonesia Network,Radio Republik Indonesia Network,organization based in,Jakarta
"In 1913 , Olympic legend Jesse Owens was born in Danville , Ala.",Jesse Owens,born in,"Danville , Ala."
"Attending were Spencer Christian of ABC 's ` ` Good Morning , America ' ' ;",Spencer Christian,work for,ABC
"The state Supreme Court jury in Niagara County made the award Tuesday to the estate of Thomas Viscomi and his widow , Norma Viscomi , of Niagara Falls .",Supreme Court,organization based in,Niagara County
"The state Supreme Court jury in Niagara County made the award Tuesday to the estate of Thomas Viscomi and his widow , Norma Viscomi , of Niagara Falls .",Norma Viscomi,live in,Niagara Falls
"The state Supreme Court jury in Niagara County made the award Tuesday to the estate of Thomas Viscomi and his widow , Norma Viscomi , of Niagara Falls .",Niagara Falls,none,Niagara County
PA1106232494 Mexico City LA JORNADA in Spanish 10 Jun 94 p 11,LA JORNADA,organization based in,Mexico City
"Santa Ana winds gusting to 100 mph destroyed a blimp , shut down an airport , toppled trucks , fanned a brush fire and cut power to thousands of customers in Southern California , officials said Thursday .",Santa Ana,impact on,Southern California
"Far back in the polls were black professor Marvin Dunn , black real estate agent Sonny Wright , businessman Bernard Anscher and striking Eastern Airlines pilot John Paul Rosser.",John Paul Rosser.,work for,Eastern Airlines
"Major De La Pena , head of the UN peacekeeping forces in the area , has reported that weapons handed over include 886 assault rifles ( 864 "" AK-47 "" and two "" FN "" ) ( figures as published ) , 16 submachine guns ( six "" RPG "" , eight "" RP-46 "" , and two "" DP "" ) , 49 pistols , three mortars ( one "" M-60 "" and two "" M-82 "" ) , 12 "" RPG-7 "" rocket launchers , two hand grenades , and 17 antipersonnel mines .",De La Pena,work for,UN
Anatomist Jeffrey Laitman of New York 's Mount Sinai School of Medicine also disputed the Kebara team 's findings.,Jeffrey Laitman,organization based in,New York
Anatomist Jeffrey Laitman of New York 's Mount Sinai School of Medicine also disputed the Kebara team 's findings.,Jeffrey Laitman,work for,Mount Sinai School of Medicine
Anatomist Jeffrey Laitman of New York 's Mount Sinai School of Medicine also disputed the Kebara team 's findings.,Mount Sinai School of Medicine,organization based in,New York
"OSHA now wants the civil cases postponed so the case can be reviewed for possible criminal violations , U.S. Elizabeth Dole said in a statement Tuesday.",Elizabeth Dole,work for,U.S.
"I 'm having so much fun , I may try this with Tavern on the Green , ' ' said LeRoy , an avid collector who also owns that famed New York restaurant .",LeRoy,owns,New York
"Andrews Lock and Dam , Early County , Ga. ;",Andrews Lock and Dam,located in,Early County
"Andrews Lock and Dam , Early County , Ga. ;",Andrews Lock and Dam,located in,Ga.
"Andrews Lock and Dam , Early County , Ga. ;",Early County,located in,Ga.
"As for Cuauhtemoc Cardenas , presidential candidate for the Party of the Democratic Revolution ( PRD ) , he received the support of 9 percent of the voters in central Mexico .",Cuauhtemoc Cardenas,work for,Party of the Democratic Revolution
"As for Cuauhtemoc Cardenas , presidential candidate for the Party of the Democratic Revolution ( PRD ) , he received the support of 9 percent of the voters in central Mexico .",Cuauhtemoc Cardenas,work for,PRD
"As for Cuauhtemoc Cardenas , presidential candidate for the Party of the Democratic Revolution ( PRD ) , he received the support of 9 percent of the voters in central Mexico .",Cuauhtemoc Cardenas,supported by voters in,Mexico
"As for Cuauhtemoc Cardenas , presidential candidate for the Party of the Democratic Revolution ( PRD ) , he received the support of 9 percent of the voters in central Mexico .",Party of the Democratic Revolution,supported by voters in,Mexico
"As for Cuauhtemoc Cardenas , presidential candidate for the Party of the Democratic Revolution ( PRD ) , he received the support of 9 percent of the voters in central Mexico .",PRD,organization based in,Mexico
"So , they will not budge an inch , they will wait for Senate President Firmin Jean-Louis .",Firmin Jean-Louis,work for,Senate
"The odds of becoming a murder victim are five times greater for non-white males born now than for the overall population of the United States , the FBI said Thursday .",FBI,organization based in,United States
Ruby fatally shot Oswald two days after Kennedy was assassinated .,Ruby,kill,Oswald
"` ` We 've evacuated everybody , ' ' said Conoco Inc. spokesman Michael O 'Connor.",Ruby,kill,Oswald
Now the groom is dead and James Rovida has admitted murdering son-in-law Robert Brock .,James Rovida,kill,Robert Brock
"From a broader perspective , Mason pointed out that he also bears responsiblity for preparing the entire Public Health Service budget , which includes the National Insitutes of Health , the O and Drug Administration and several lesser known agencies.",Mason,responsible for budget of,Public Health Service
"U.N. financial spokesman Fred Eckhard said Wednesday that just 86 of the 159 member nations paid all their dues through the end of 1988 , leaving the world body $394.9 million in arrears in the regular budget and $355.2 million in debt for peacekeeping operations .",Fred Eckhard,work for,U.N.
"Trump plans to display the window in the Taj Mahal , a hotel he 's building in Atlantic City , according to Patti Fox , who bid on Trump 's behalf after he made a brief appearance at the auction .",Taj Mahal,located in,Atlantic City
"Reynie Ortiz , resident of U S West International , said the franchise is important because Hong Kong is growing as an international trade center and a gateway to Asian business.",Reynie Ortiz,live in,U S West International
WASHINGTON ( AP ),AP,organization based in,WASHINGTON
"But Ohio Gov. Richard Celeste , a Democrat , said Bush 's remarks were too little considering Bush 's campaign claim to be ` ` the education president. ' '",Richard Celeste,work for,Ohio
"Today 's highlight in history : On Sept. 6 , 1901 , President William McKinley was shot by anarchist Leon Czolgosz at the Pan-American Exposition in Buffalo , N.Y.",Leon Czolgosz,kill,President William McKinley
"Serbia 's southern province of Kosovo , where the first Serbian state was created in the early Middle Ages , is mostly populated by the ethnic Albanian minority .",Kosovo,province of,Serbia
"The Channel Islands were occupied from June 30 , 1940 , to May 9 , 1945 , and were among the last places in Europe to be liberated.",Channel Islands,part of,Europe
"A hearing is set Wednesday in federal court in San Antonio , Texas , where Popeyes is fighting ` ` poison pill ' ' anti-takeover bylaws which Church 's adopted Nov. 4 , more than a week after Popeyes made its offer .",San Antonio,city in,Texas
"After nearly two decades in prison for the assassination of the Rev. Martin Luther King Jr. , James Earl Ray says he would trade places with the hostages in Lebanon .",James Earl Ray,kill,Rev. Martin Luther King Jr.
"In Pittsburgh , Dade County , Fla. , and Rochester , N.Y. , teacher unions and school administrators have beaten their swords into reform-minded contracts that boost teacher pay and power while making them directly accountable for their students ' performance .",Dade County,located in,Fla.
"In Pittsburgh , Dade County , Fla. , and Rochester , N.Y. , teacher unions and school administrators have beaten their swords into reform-minded contracts that boost teacher pay and power while making them directly accountable for their students ' performance .",Rochester,organization based in,N.Y.
"Sirhan , a Jerusalem-born Christian Arab , was sentenced to death for Kennedy 's murder but was spared the San Quentin gas chamber after California 's death penalty law was overturned in 1972 by the state Supreme Court .",Sirhan,kill,Kennedy
Lucille Ball was mourned Wednesday by the western New York hometown she left for Hollywood more than half a century ago .,Lucille Ball,lived in,New York
U.S. Attorney Anton Valukas said the investigation into corrupt trading practices is still continuing .,Anton Valukas,work for,U.S.
"` ` The luck was that the book came out at a time when there was a president of the United States who read books , John Kennedy , and he read it , ' ' Harrington said.",John Kennedy,president of,United States
"` ` It was torn to shreds , ' ' said Beatrice Martinez , public relations secretary at the Ontario airport , about 40 miles east of Los Angeles .",Ontario airport,located east of,Los Angeles
Buenos Aires CLARIN,CLARIN,organization based in,Buenos Aires
"Lennon was murdered outside his Upper West Side home on Dec. 8 , 1980 , by Mark David Chapman .",Mark David Chapman,kill,Lennon
"Lennon turned , and Mark David Chapman shot him five times with a .38 revolver. ;",Mark David Chapman,kill,Lennon
"In Waco , near Nelson 's hometown of Abbott , auto parts salesman Dave Crowe proposed that fans join ` ` Willie Aid ' ' by mailing donations straight to the IRS.",Nelson,hometown,Abbott
"As for the "" candidates for 1994-1999 legislators , "" the CNTP recommends that "" workers and popular movements support the candidates committed to our efforts and suggests the names of two candidates from the Papa Egoro Movement : Norma Cano in electoral circuit 8.6 , and Rolando Miller in circuit 8.9 , whom the workers describe as "" great fighters . "" ( quotation marks as published ) The CNTP feels that Norma Cano is a "" labor leader with vast experience , "" and that Rolando Miller is a union champion "" who showed ability and honesty in the struggle against the neoliberal and persecution policies of the current regime . """,Norma Cano,candidate for,Papa Egoro Movement
"As for the "" candidates for 1994-1999 legislators , "" the CNTP recommends that "" workers and popular movements support the candidates committed to our efforts and suggests the names of two candidates from the Papa Egoro Movement : Norma Cano in electoral circuit 8.6 , and Rolando Miller in circuit 8.9 , whom the workers describe as "" great fighters . "" ( quotation marks as published ) The CNTP feels that Norma Cano is a "" labor leader with vast experience , "" and that Rolando Miller is a union champion "" who showed ability and honesty in the struggle against the neoliberal and persecution policies of the current regime . """,Rolando Miller,candidate of,Papa Egoro Movement
"As for the "" candidates for 1994-1999 legislators , "" the CNTP recommends that "" workers and popular movements support the candidates committed to our efforts and suggests the names of two candidates from the Papa Egoro Movement : Norma Cano in electoral circuit 8.6 , and Rolando Miller in circuit 8.9 , whom the workers describe as "" great fighters . "" ( quotation marks as published ) The CNTP feels that Norma Cano is a "" labor leader with vast experience , "" and that Rolando Miller is a union champion "" who showed ability and honesty in the struggle against the neoliberal and persecution policies of the current regime . """,Norma Cano,candidate for,Papa Egoro Movement
"As for the "" candidates for 1994-1999 legislators , "" the CNTP recommends that "" workers and popular movements support the candidates committed to our efforts and suggests the names of two candidates from the Papa Egoro Movement : Norma Cano in electoral circuit 8.6 , and Rolando Miller in circuit 8.9 , whom the workers describe as "" great fighters . "" ( quotation marks as published ) The CNTP feels that Norma Cano is a "" labor leader with vast experience , "" and that Rolando Miller is a union champion "" who showed ability and honesty in the struggle against the neoliberal and persecution policies of the current regime . """,Rolando Miller,candidate of,Papa Egoro Movement
"But New York Gov. Mario Cuomo , who enthusiastically joined in the chorus , interrupted his own praise for Kean to add a bit of explanation.",Mario Cuomo,work for,New York
"Mark David Chapman , convicted of killing John Lennon ; and R. Foster Winans , a former Wall Street Journal reporter convicted of insider trading. ;",Mark David Chapman,kill,John Lennon
"Ten years ago : Former President Gerald R. Ford , a member of the Warren Commission that investigated President John F. Kennedy 's assassination , told a House committee he stood by the commission 's basic finding that assassin Lee Harvey Oswald had acted alone .",Lee Harvey Oswald,assassin of,President John F. Kennedy
( By ITAR-TASS diplomatic correspondent Yuriy Tyssovsky ),Yuriy Tyssovsky,work for,ITAR-TASS
"The hearing was announced last week for James Earl Ray , 60 , serving 99 years for assassinating King in Memphis on April 4 , 1968 .",James Earl Ray,kill,King
"And at the same time , the country is protecting the secrecy of the military program for building a nuclear-powered submarine , a program that is being carried out in an extremely efficient manner by the Navy at the Aramar Experimental Center in Ipero , Sao Paulo .",Aramar Experimental Center,organization based in,Ipero
"And at the same time , the country is protecting the secrecy of the military program for building a nuclear-powered submarine , a program that is being carried out in an extremely efficient manner by the Navy at the Aramar Experimental Center in Ipero , Sao Paulo .",Aramar Experimental Center,organization based in,Sao Paulo
"And at the same time , the country is protecting the secrecy of the military program for building a nuclear-powered submarine , a program that is being carried out in an extremely efficient manner by the Navy at the Aramar Experimental Center in Ipero , Sao Paulo .",Ipero,organization based in,Sao Paulo
"The largest biogas plant in Cuba was built on the island of Turiguano and it has the capacity of generating 2 , 000 cubic meters of methane gas per day through the process of fermenting the manure obtained from a nearby cattle ranch .",Turiguano,organization based in,Cuba
"A tough-talking former Associated Press reporter now representing IAI in Washington , Klemow protects the Arrow as if it were his own child .",Klemow,former employee,Associated Press
"A tough-talking former Associated Press reporter now representing IAI in Washington , Klemow protects the Arrow as if it were his own child .",Klemow,work for,IAI
Redman said two employees of the U.S. Immigration and Naturalization Service would go to Moscow to help handle the processing .,Immigration and Naturalization Service,organization based in,U.S.
"Dwight D. Eisenhower ( 34th President ) : Born Oct. 14 , 1890 , Denison , Tex. , in a two-story white frame house on what is now the Eisenhower State Historic Site , 208 E. Day St. , Denison , Tex. , ( 214 ) 465-8908 .",Immigration and Naturalization Service,organization based in,U.S.
"Dwight D. Eisenhower ( 34th President ) : Born Oct. 14 , 1890 , Denison , Tex. , in a two-story white frame house on what is now the Eisenhower State Historic Site , 208 E. Day St. , Denison , Tex. , ( 214 ) 465-8908 .",Immigration and Naturalization Service,organization based in,U.S.
"Morihiro Hosokawa , Japan 's prime , recently confirmed that he was "" very strongly concerned "" by North Korea 's growing military strength .",Morihiro Hosokawa,work for,Japan
"In 1885 , author Sinclair Lewis was born in Sauk Center , Minn .",Morihiro Hosokawa,work for,Japan
"A coin struck by Brutus to commemorate the assassination of Julius Caesar in 44 B.C. sold for $99 , 000.",Brutus,kill,Julius Caesar
"Rainfall , heavy over the lower Mississippi and Tennessee valleys in recent days left streams in Tennessee , Kentucky and northern Alabama flowing near bankful , and flooded some streets in Memphis , Tenn. , during rush hour .",Memphis,located in,Tenn.
"947N0051B Moscow METEOROLOGIYA I GIDROLOGIYA in Russian No. 4 , Apr 94 ( manuscript received 14 Dec 93 ) pp 101-112",METEOROLOGIYA I GIDROLOGIYA,organization based in,Moscow
"Herbert Clark Hoover , the 31st president of the United States , was born in West Branch , Iowa , in 1874 .",METEOROLOGIYA I GIDROLOGIYA,organization based in,Moscow
"That same day , a grand jury in Los Angeles indicted Sirhan Bishara Sirhan , a Jordanian citizen , on a charge of first-degree murder in the assassination of Kennedy two days earlier .",Sirhan Bishara Sirhan,kill,Kennedy
"CHP ( Republican People 's Party ) leader Deniz Baykal said : I hope that this decision will not turn into a protest , for then a difficult situation will arise .",Deniz Baykal,leader of,CHP
"CHP ( Republican People 's Party ) leader Deniz Baykal said : I hope that this decision will not turn into a protest , for then a difficult situation will arise .",Deniz Baykal,leader of,Republican People 's Party
"Beside the dispute over the Gabcikovo hydroelectric project itself which was taken to the International Court of Justice in The Hague last July , Bratislava and Budapest are also in disagreement over the temporary water regime on the Danube to function until a verdict is passed in The Hague .",International Court of Justice,organization based in,The Hague
"Beside the dispute over the Gabcikovo hydroelectric project itself which was taken to the International Court of Justice in The Hague last July , Bratislava and Budapest are also in disagreement over the temporary water regime on the Danube to function until a verdict is passed in The Hague .",International Court of Justice,organization based in,The Hague
"Viscomi was shot in the back in 1979 by John Hoopsick , who held a longtime grudge against him , and who hours earlier purchased the shotgun and ammunition at a K mart store in Niagara Falls .",K mart,organization based in,Niagara Falls
"U.S. Sen. Mitch McConnell , who attended church in south Louisville with Higgins in the 1950s , recommended he be given the nation 's highest honor , the Medal of Honor.",Mitch McConnell,work for,U.S.
"Kennedy 's assassin , Sirhan Bishara Sirhan , was immediately arrested .",Sirhan Bishara Sirhan,kill,Kennedy
"It 's doing a lot of wind damage , ' ' said Robert Isaacks , an emergency medical technician on High Island.",Sirhan Bishara Sirhan,kill,Kennedy
"National Transportation Safety Board investigators at the Evendale , Ohio , General Electric plant plan to take the engine apart and try to determine the sequence of events that led up to the July 19 crash of United Airlines Flight 232 , in which 111 people died.",Evendale,organization based in,Ohio
"In 1977 , James Earl Ray , the convicted assassin of civil rights leader Dr. Martin Luther King Jr. , was recaptured following his escape from a Tennessee prison June 10 .",James Earl Ray,kill,Dr. Martin Luther King Jr.
"Oswald was arrested during a showing of ` ` War Is Hell ' ' 80 minutes after shooting Kennedy from the sixth floor of the book depository on Nov. 22 , 1963 .",Oswald,kill,Kennedy
"MIDDLETOWN , N.Y .",MIDDLETOWN,none,N.Y .
Bangkok DAO SIAM,DAO SIAM,none,Bangkok
"Albrecht , 54 , is a former University of Iowa professor of economics and dean who has been on the CFTC since last year.",Albrecht,former professor and dean,University of Iowa
"Albrecht , 54 , is a former University of Iowa professor of economics and dean who has been on the CFTC since last year.",Albrecht,work for,CFTC
FAA spokesman Fred Farrar said Tuesday the timer assembly could not have caused the British Midland crash .,Fred Farrar,work for,FAA
"` ` It would be helpful if you folks would provide leadership , ' ' shot back Rep. Ted Weiss , D-N.Y. , chairman of the House oversight subcommittee grilling Mason and other administration officials about a broad range of AIDS programs.",Ted Weiss,chairman of,House
"Lennon was murdered by Mark David Chapman outside the Dakota on Dec. 8 , 1980 .",Mark David Chapman,kill,Lennon
"It stars Jessica Lange , his live-in lover , and was shot entirely in northern Minnesota , where she was born and grew up .",Jessica Lange,born and grew up in,Minnesota
"Higgins ' sister , Mary Fisher , said from her home in the Louisville suburb of Okolona that she believed Higgins ' was dead before she saw the videotape.",Mary Fisher,live in,Louisville
"Higgins ' sister , Mary Fisher , said from her home in the Louisville suburb of Okolona that she believed Higgins ' was dead before she saw the videotape.",Mary Fisher,live in,Okolona
"He specifically mentioned ` ` why the pilgrims came ' ' to America from Europe in the 17th century in quest of religious freedom , ` ` who Jimmy Doolittle was , and what those 30 seconds over Tokyo meant , ' ' as well as the battle at Anzio , Italy , and the landing at Normandy , France .",Anzio,location in,Italy
"He specifically mentioned ` ` why the pilgrims came ' ' to America from Europe in the 17th century in quest of religious freedom , ` ` who Jimmy Doolittle was , and what those 30 seconds over Tokyo meant , ' ' as well as the battle at Anzio , Italy , and the landing at Normandy , France .",Normandy,none,France
"Most of the work conducted by the Warren Commission , which concluded that Lee Harvey Oswald acted alone in the Kennedy slaying , has been opened to the public , a move that has helped researchers evaluate _ and in many cases strongly criticize _ that investigation .",Lee Harvey Oswald,kill,Kennedy
They were imported by Larami Corp. of Philadelphia.,Larami Corp.,organization based in,Philadelphia.
U.S. Bankruptcy Judge George Proctor on Friday authorized appointment of Bakst as trustee.,George Proctor,work for,U.S.
"( Text ) Guatemala City , 2 Feb ( ACAN-EFE ) -- Guatemalan President Ramiro de Leon Carpio today offered a 10-percent adjustment of fuel transportation tariffs to end the strike that businessmen in that sector began on 1 February .",Ramiro de Leon Carpio,work for,Guatemala City
"They found it when Herschel Grynszpan , a 17-year-old Jew enraged by his family 's deportation to Poland , shot and mortally wounded German Embassy Third Secretary Ernst vom Rath in Paris on Nov. 7 , 1938 .",Herschel Grynszpan,kill,German Embassy Third Secretary Ernst vom Rath
"Larry Jinks has been named publisher of the San Jose Mercury News , succeeding William A. Ott , who will become the newspaper 's chairman , the Knight-Ridder , Inc. announced Thursday .",Larry Jinks,work for,San Jose Mercury News
"Larry Jinks has been named publisher of the San Jose Mercury News , succeeding William A. Ott , who will become the newspaper 's chairman , the Knight-Ridder , Inc. announced Thursday .",William A. Ott,work for,San Jose Mercury News
"The number of lift boats involved in accidents is higher than normal , ' ' said Lt. Allen Harker , a marine inspector at the Coast Guard 's 8th District headquarters .",Allen Harker,work for,Coast Guard 's 8th District headquarters
"The Democrats elected Ohio 's Richard Celeste to be chairman of the Democratic Governors ' Association , beginning in January.",Richard Celeste,work for,Ohio
"The Democrats elected Ohio 's Richard Celeste to be chairman of the Democratic Governors ' Association , beginning in January.",Richard Celeste,work for,Democratic Governors ' Association
AU2206082794 Prague CTK in English 0604 GMT 22 Jun 94 -- FOR OFFICIAL USE ONLY,CTK,organization based in,Prague
"BK2506112994 Bangkok BANGKOK POST in English 25 Jun 94 pp 1 , 3",BANGKOK POST,organization based in,Bangkok
"AOSTA , Italy ( AP )",AOSTA,none,Italy
"AOSTA , Italy ( AP )",AP,organization based in,AOSTA
"AOSTA , Italy ( AP )",AP,organization based in,Italy
"The items included the .22-caliber gun Sirhan Bishara Sirhan used to kill Kennedy on June 5 , 1968 , in the hotel kitchen .",Sirhan Bishara Sirhan,kill,Kennedy
Moscow KRASNAYA ZVEZDA,KRASNAYA ZVEZDA,organization based in,Moscow
"Indeed , not only was truth our only goal , but we found that truth : Lee Harvey Oswald was the lone gunman who killed President Kennedy and Officer J.D. Tippit on that tragic Friday afternoon in Dallas , Nov. 22 , 1963.",Lee Harvey Oswald,killed,President Kennedy
"Indeed , not only was truth our only goal , but we found that truth : Lee Harvey Oswald was the lone gunman who killed President Kennedy and Officer J.D. Tippit on that tragic Friday afternoon in Dallas , Nov. 22 , 1963.",Lee Harvey Oswald,killed,Officer J.D. Tippit
"The book , ` ` On the Brink : Americans and Soviets Reexamine the Cuban Missile Crisis , ' ' is based largely on two 1987 conferences sponsored by Harvard _ one that featured top Kennedy advisers and U.S. scholars and a second in which three Soviets joined the Americans .",Harvard,organization based in,U.S.
"The book , ` ` On the Brink : Americans and Soviets Reexamine the Cuban Missile Crisis , ' ' is based largely on two 1987 conferences sponsored by Harvard _ one that featured top Kennedy advisers and U.S. scholars and a second in which three Soviets joined the Americans .",Kennedy,work for,U.S.
"ROCK HILL , S.C .",ROCK HILL,located in,S.C
"In 1767 , the seventh President of the United States , Andrew Jackson , was born in Waxhaw , South Carolina .",ROCK HILL,located in,S.C
Jacobs ' lawyers asked for the stay after Cuomo signed a request from North Carolina Gov. Jim Martin on Tuesday to return Jacobs .,Jim Martin,work for,North Carolina
"Tuesday 's trade development will be conveyed to Britain by the Brazilian Embassy in London , Argentina 's diplomatic representative there.",Brazilian Embassy,organization based in,Britain
"Tuesday 's trade development will be conveyed to Britain by the Brazilian Embassy in London , Argentina 's diplomatic representative there.",Brazilian Embassy,organization based in,London
"The original , a figure of a woman raising a torch in much the same manner as America 's Statue of Liberty , was destroyed by the Chinese Army on June 5 after the massacre that crushed the student-led protest movement.",Statue of Liberty,symbolizes,America
I also feel obliged to point out that Jack Nicklaus thinks so highly of Muirfield that he named a course he built in his native Ohio after it .,Jack Nicklaus,native to,Ohio
"The head of Queensland Liver Transplant Service , Dr. Russell Strong , said one of the difficulties faced by the team of surgeons that carried out the operation was dividing the liver without harming the donor.",Russell Strong,head of,Queensland Liver Transplant Service
Tunis Tunisian Republic Radio Network,Tunisian Republic Radio Network,organization based in,Tunis
"The Quayles ' children _ Tucker , 15 , Benjamin , 12 , and Corinne , 10 _ live on the top floor of the three-story building , which is on the rolling grounds of the Naval Observatory in northwest Washington and was built in 1894.",Quayles,live in,Naval Observatory
"The Quayles ' children _ Tucker , 15 , Benjamin , 12 , and Corinne , 10 _ live on the top floor of the three-story building , which is on the rolling grounds of the Naval Observatory in northwest Washington and was built in 1894.",Quayles,live in,Washington
"The Quayles ' children _ Tucker , 15 , Benjamin , 12 , and Corinne , 10 _ live on the top floor of the three-story building , which is on the rolling grounds of the Naval Observatory in northwest Washington and was built in 1894.",Tucker,live in,Naval Observatory
"The Quayles ' children _ Tucker , 15 , Benjamin , 12 , and Corinne , 10 _ live on the top floor of the three-story building , which is on the rolling grounds of the Naval Observatory in northwest Washington and was built in 1894.",Tucker,live in,Washington
"The Quayles ' children _ Tucker , 15 , Benjamin , 12 , and Corinne , 10 _ live on the top floor of the three-story building , which is on the rolling grounds of the Naval Observatory in northwest Washington and was built in 1894.",Benjamin,live in,Naval Observatory
"The Quayles ' children _ Tucker , 15 , Benjamin , 12 , and Corinne , 10 _ live on the top floor of the three-story building , which is on the rolling grounds of the Naval Observatory in northwest Washington and was built in 1894.",Benjamin,live in,Washington
"The Quayles ' children _ Tucker , 15 , Benjamin , 12 , and Corinne , 10 _ live on the top floor of the three-story building , which is on the rolling grounds of the Naval Observatory in northwest Washington and was built in 1894.",Corinne,live in,Naval Observatory
"The Quayles ' children _ Tucker , 15 , Benjamin , 12 , and Corinne , 10 _ live on the top floor of the three-story building , which is on the rolling grounds of the Naval Observatory in northwest Washington and was built in 1894.",Corinne,live in,Washington
"The Quayles ' children _ Tucker , 15 , Benjamin , 12 , and Corinne , 10 _ live on the top floor of the three-story building , which is on the rolling grounds of the Naval Observatory in northwest Washington and was built in 1894.",Naval Observatory,located in,Washington
"The Globe and Mail , which calls itself Canada 's national newspaper , said in an editorial Thursday that Quebec Premier Robert Bourassa ` ` has received , and deserves , strong criticism for his decision on the language of commercial signs in Quebec. .. .",The Globe and Mail,organization based in,Canada
"The Globe and Mail , which calls itself Canada 's national newspaper , said in an editorial Thursday that Quebec Premier Robert Bourassa ` ` has received , and deserves , strong criticism for his decision on the language of commercial signs in Quebec. .. .",Robert Bourassa,work for,Canada
"The Globe and Mail , which calls itself Canada 's national newspaper , said in an editorial Thursday that Quebec Premier Robert Bourassa ` ` has received , and deserves , strong criticism for his decision on the language of commercial signs in Quebec. .. .",Robert Bourassa,work for,Quebec
"The Globe and Mail , which calls itself Canada 's national newspaper , said in an editorial Thursday that Quebec Premier Robert Bourassa ` ` has received , and deserves , strong criticism for his decision on the language of commercial signs in Quebec. .. .",Robert Bourassa,work for,Quebec
"GSA Depot , Watertown , Mass. ;",GSA Depot,organization based in,Watertown
"GSA Depot , Watertown , Mass. ;",GSA Depot,located in,Mass.
"GSA Depot , Watertown , Mass. ;",Watertown,organization based in,Mass.
""" I accordingly declare Mr Nelson Rohihlahla Mandela duly elected as the president of the Republic of South Africa . """,Mr Nelson Rohihlahla Mandela,president of,Republic of South Africa
"CLARIN : There is a study conducted by the Mediterranean Foundation headed by Juan Novara saying that the CNEA is not competitive and that nuclear energy is expensive , dirty , and is being abandoned throughout the world .",Juan Novara,head of,Mediterranean Foundation
"In 1968 , authorities announced the capture in London of James Earl Ray , suspected of the assassination of civil rights leader Dr. Martin Luther King Jr .",James Earl Ray,suspected of killing,Dr. Martin Luther King Jr
"Born in Philadelphia the son of a Jewish tailor , Man Ray was forced to flee his adopted home of Paris -- a city which revered him -- during World War II .",Man Ray,born in,Philadelphia
"Frank D. Cuevas , 44 , of 24th Street , shot James Miller , 54 , after Miller forced his way into the apartment at gunpoint at 10 : 40 p.m. , according to Sgt. Frank Martinez of the homicide unit .",Frank D. Cuevas,kill,James Miller
"At a regular Chinese Foreign Ministry briefing in Beijing on Thursday , spokesman Li Zhaoxing would say only that China will consider direct talks with Vietnam ` ` at an appropriate time. ' '",Chinese Foreign Ministry,organization based in,Beijing
"At a regular Chinese Foreign Ministry briefing in Beijing on Thursday , spokesman Li Zhaoxing would say only that China will consider direct talks with Vietnam ` ` at an appropriate time. ' '",Chinese Foreign Ministry,organization based in,China
"At a regular Chinese Foreign Ministry briefing in Beijing on Thursday , spokesman Li Zhaoxing would say only that China will consider direct talks with Vietnam ` ` at an appropriate time. ' '",Li Zhaoxing,work for,Chinese Foreign Ministry
"At a regular Chinese Foreign Ministry briefing in Beijing on Thursday , spokesman Li Zhaoxing would say only that China will consider direct talks with Vietnam ` ` at an appropriate time. ' '",Li Zhaoxing,work for,Beijing
"At a regular Chinese Foreign Ministry briefing in Beijing on Thursday , spokesman Li Zhaoxing would say only that China will consider direct talks with Vietnam ` ` at an appropriate time. ' '",Li Zhaoxing,work for,China
Pittsburgh Mayor Sophie Masloff touted the joys of her favorite city on the nationally televised Pat Sajak Show and put an end to rumors that she sometimes arrives at work with a cup of homemade chicken soup .,Sophie Masloff,work for,Pittsburgh
"In South Korea , Kim Jae-kyu , the assassin of President Park Chung-hee , was executed .",Kim Jae-kyu,kill,President Park Chung-hee
"Bloch also read Austrian newspaper accounts of the case , which Weisner showed him during Bloch 's 45-minute visit to the offices of Austrian television Monday afternoon in the Georgetown section of the capital.",Austrian television,organization based in,Georgetown
Havana Radio Reloj Network,Radio Reloj Network,organization based in,Havana
"In 1847 , inventor Thomas Alva Edison was born in Milan , Ohio .",Thomas Alva Edison,born in,"Milan , Ohio"
"Bradley First Air of Carp , Ontario , which owned the plane , said the crew members were pilots from Montreal and Ottawa .",Bradley First Air of Carp,organization based in,Ontario
"It must also be pointed out that the chairman of the United Djibouti Opposition Front , Mohamed Ahmed Issa , also known as Cheiko , was arrested at his home this evening .",Mohamed Ahmed Issa,chairman of,United Djibouti Opposition Front
"It must also be pointed out that the chairman of the United Djibouti Opposition Front , Mohamed Ahmed Issa , also known as Cheiko , was arrested at his home this evening .",Cheiko,chairman of,United Djibouti Opposition Front
I was keen to ask the following questions in an interview with Russian Atomic Energy Minister V. Mikhaylov : ( Gubarev ) How did Ukraine lose out by this deal ? ( Mikhaylov ) The level of Ukraine 's security has increased -- so in fact Ukraine has benefited .,V. Mikhaylov,work for,Russian Atomic Energy Minister
I was keen to ask the following questions in an interview with Russian Atomic Energy Minister V. Mikhaylov : ( Gubarev ) How did Ukraine lose out by this deal ? ( Mikhaylov ) The level of Ukraine 's security has increased -- so in fact Ukraine has benefited .,Mikhaylov,work for,Russian Atomic Energy Minister
""" The entire effort is how to reduce the early damage ( from a missile attack ) so the missile launchers can be found , "" says Me 'ir Kohen , a missile expert close to the IDF ( Israel Defense Forces ) leadership .",Me 'ir Kohen,work for,IDF
""" The entire effort is how to reduce the early damage ( from a missile attack ) so the missile launchers can be found , "" says Me 'ir Kohen , a missile expert close to the IDF ( Israel Defense Forces ) leadership .",Me 'ir Kohen,work for,Israel Defense Forces
"` ` We put in the peacock to get a little attention and show how spectacular it 's going to be , ' ' said Michigan State horticulture Professor Will Carlson.",Will Carlson.,work for,Michigan State
"Jacobs has said that he would not receive a fair trial in Robeson County , N.C. , and that he fears for his life if he is returned there .",Robeson County,located in,N.C.
Diphtheria in Zhitomir 94WE0015A Kiev SILSKI VISTI in Ukrainian 1 Jul 93 p 1,SILSKI VISTI,organization based in,Kiev
"Keen Corp. of New York ; and Eagle-Picher Industries of Cincinnati , claiming the companies failed to warn him of the risk.",Keen Corp.,organization based in,New York
"Keen Corp. of New York ; and Eagle-Picher Industries of Cincinnati , claiming the companies failed to warn him of the risk.",Eagle-Picher Industries,organization based in,Cincinnati
"In 1854 , George Eastman , inventor of the Kodak camera , was born in Waterville , N. Y.",George Eastman,born in,"Waterville , N. Y."
"In an interview published by yesterday 's issue of the economic daily HOSPODARSKE NOVINY , Premier Jozef Moravcik said Slovakia 's goal for this year was to completely halt the fall of GDP , reduce the inflation rate to 13 percent ( from last year 's 23.1 percent ) and maintain the budget deficit at 14 billion crowns .",Jozef Moravcik,work for,Slovakia
Dominique Beuff of the International Committee of the Red Cross in Khartoum said he had reports of people dying at the rate of up to four a day in some areas of the south affected by a 5-year-old civil war .,Dominique Beuff,work for,International Committee of the Red Cross
Dominique Beuff of the International Committee of the Red Cross in Khartoum said he had reports of people dying at the rate of up to four a day in some areas of the south affected by a 5-year-old civil war .,Dominique Beuff,works in,Khartoum
Dominique Beuff of the International Committee of the Red Cross in Khartoum said he had reports of people dying at the rate of up to four a day in some areas of the south affected by a 5-year-old civil war .,International Committee of the Red Cross,organization based in,Khartoum
"Dole had hoped to pull out a win in North Carolina , the home state of his wife , Elizabeth .",Elizabeth,live in,North Carolina
"In 1969 , James Earl Ray pleaded guilty in Memphis , Tenn. , to the assassination of civil rights leader Martin Luther King Jr .",James Earl Ray,kill,Martin Luther King Jr
"In 1969 , James Earl Ray pleaded guilty in Memphis , Tenn. , to the assassination of civil rights leader Martin Luther King Jr .",Memphis,location of event,Tenn.
"Booth also used an underground intelligence network for his escape after shooting Lincoln during a performance at Ford 's Theatre in Washington , D.C. , on April 14 , 1865 , five days after Gen. Robert E. Lee 's surrender at Appomattox , the authors contend .",Booth,kill,Lincoln
"In 1865 , four people were hanged in Washington , D.C. after being convicted of conspiring with John Wilkes Booth in the assassination of President Abraham Lincoln .",John Wilkes Booth,assassinated,President Abraham Lincoln
"President Mubarak added : I was willing to conclude my trip with a visit to fraternal Saudi Arabia to meet with my brother the custodian of the two holy mosques , King Fahd-Bin- 'Abd-al- 'Aziz , Crown Prince 'Abdallah , and the leaders of the kingdom .",King Fahd-Bin- 'Abd-al- 'Aziz,work for,Saudi Arabia
"President Mubarak added : I was willing to conclude my trip with a visit to fraternal Saudi Arabia to meet with my brother the custodian of the two holy mosques , King Fahd-Bin- 'Abd-al- 'Aziz , Crown Prince 'Abdallah , and the leaders of the kingdom .",Crown Prince 'Abdallah,work for,Saudi Arabia
Labor Union Group Endorses Perez Balladares for President PA2203162994 Panama City LA ESTRELLA DE PANAMA in Spanish 21 Mar 94 p A1,Perez Balladares,endorsed by,Labor Union
Havana Radio Reloj Network,Radio Reloj Network,organization based in,Havana
"If Bossi were fundamental in order for your alliance to govern... ( Fini ) He must accept two questions which for us are more fundamental than government : national unity and solidarity between the north and the south. ( passage omitted ) I believe that until 1938 fascism was useful for Italy , not good or bad , but useful. ( passage omitted ) ( Minoli ) Do you still believe that Benito Mussolini is still the greatest statesman of the 20th century ? ( Fini ) In Italy certainly , without a shadow of a doubt. ( passage omitted ) ( Minoli ) You said ;",Benito Mussolini,work for,Italy
"The United States , Britain and France joined in vetoing a Security Council resolution that ` ` deplored ' ' the U.S. Navy 's downing of two Libyan military jets over the Mediterranean on Jan. 4 .",Navy,work for,U.S.
"In a press conference held recently , Baghdad Mayor Tahir Muhammad Hassun shed light on the environmental hazards that ensured from the direct and indirect effects of the U.S.-led aggression against Iraq .",Tahir Muhammad Hassun,work for,Baghdad
"In 1969 , Sirhan Sirhan was convicted of assassinating Sen. Robert F. Kennedy .",Sirhan Sirhan,kill,Sen. Robert F. Kennedy
Their deaths bring the number of political assassinations to six since former communist party official Ferhat Chibout was killed on January 27 .,Ferhat Chibout,former official,communist party
"The returns from South Dakota 's presidential primary election were complete _ except for Lincoln No. 51 , a rural precinct near Lemmon in extreme northwestern South Dakota .",Lemmon,located in,South Dakota
"The cities where information was collected are : Mexico , Guadalajara , Monterrey , Tijuana , Ciudad Juarez , Villahermosa , Hermosillo , Culiacan , Morelia , Veracruz , Acapulco , Torreon , Puebla , Merida , Chihuahua , Oaxaca , Tampico , Leon and Tapachula. Indemerc : Diego grows According to a recent poll conducted by the Indemerc-Louis Harris firm with a representative sample of 600 Valley of Mexico residents , support for Fernandez de Cevallos began to rise after the public debate and as of 31 May he garnered the support of 42 percent of the respondents .",Fernandez de Cevallos,supported by,Mexico
"All residential areas in South Africa are segregated by race , and no black neighborhood has been established in Port Nolloth .",Port Nolloth,none,South Africa
"Winter , 53 , a former Yale University law professor who became a judge in 1982 , and Starr , 42 , who served as couselor to Attorney William French Smith from 1981 until his appointment to the D.C. Circuit in 1983 , had been mentioned as possible Supreme Court nominees following the 1987 retirement of Justice Lewis Powell .",Winter,work for,Yale University
"Winter , 53 , a former Yale University law professor who became a judge in 1982 , and Starr , 42 , who served as couselor to Attorney William French Smith from 1981 until his appointment to the D.C. Circuit in 1983 , had been mentioned as possible Supreme Court nominees following the 1987 retirement of Justice Lewis Powell .",Starr,appointed to,D.C. Circuit
"Winter , 53 , a former Yale University law professor who became a judge in 1982 , and Starr , 42 , who served as couselor to Attorney William French Smith from 1981 until his appointment to the D.C. Circuit in 1983 , had been mentioned as possible Supreme Court nominees following the 1987 retirement of Justice Lewis Powell .",Lewis Powell,retired from,Supreme Court
"In 1890 , 100 years ago , American aviation hero Eddie Rickenbacker was born in Columbus , Ohio .",Lewis Powell,retired from,Supreme Court
"Born John Deutschendorf in Roswell , N.M. , and raised in Oklahoma , Arizona and Texas as an Air Force brat , Denver moved to Los Angeles to be a folk musician and wrote the mega-hit ` ` Leavin ' on a Jet Plane ' ' in 1969 .",John Deutschendorf,born in,"Roswell , N.M."
"In 1892 , author and newscaster Lowell Thomas was born in Woodington , Ohio .",John Deutschendorf,born in,"Roswell , N.M."
"Both Bush and Dukakis were born in Massachusetts ' ` ` county of presidents ' ' _ Norfolk County _ the one that already has given three of its natives to the nation : John Adams , John Quincy Adams , and John Fitzgerald Kennedy .",Bush,born in,Massachusetts
"Both Bush and Dukakis were born in Massachusetts ' ` ` county of presidents ' ' _ Norfolk County _ the one that already has given three of its natives to the nation : John Adams , John Quincy Adams , and John Fitzgerald Kennedy .",Bush,born in,Norfolk County
"Both Bush and Dukakis were born in Massachusetts ' ` ` county of presidents ' ' _ Norfolk County _ the one that already has given three of its natives to the nation : John Adams , John Quincy Adams , and John Fitzgerald Kennedy .",Dukakis,born in,Massachusetts
"Both Bush and Dukakis were born in Massachusetts ' ` ` county of presidents ' ' _ Norfolk County _ the one that already has given three of its natives to the nation : John Adams , John Quincy Adams , and John Fitzgerald Kennedy .",Dukakis,born in,Norfolk County
"Both Bush and Dukakis were born in Massachusetts ' ` ` county of presidents ' ' _ Norfolk County _ the one that already has given three of its natives to the nation : John Adams , John Quincy Adams , and John Fitzgerald Kennedy .",John Adams,born in,Massachusetts
"Both Bush and Dukakis were born in Massachusetts ' ` ` county of presidents ' ' _ Norfolk County _ the one that already has given three of its natives to the nation : John Adams , John Quincy Adams , and John Fitzgerald Kennedy .",John Adams,born in,Norfolk County
"Both Bush and Dukakis were born in Massachusetts ' ` ` county of presidents ' ' _ Norfolk County _ the one that already has given three of its natives to the nation : John Adams , John Quincy Adams , and John Fitzgerald Kennedy .",John Quincy Adams,born in,Massachusetts
"Both Bush and Dukakis were born in Massachusetts ' ` ` county of presidents ' ' _ Norfolk County _ the one that already has given three of its natives to the nation : John Adams , John Quincy Adams , and John Fitzgerald Kennedy .",John Quincy Adams,born in,Norfolk County
"Both Bush and Dukakis were born in Massachusetts ' ` ` county of presidents ' ' _ Norfolk County _ the one that already has given three of its natives to the nation : John Adams , John Quincy Adams , and John Fitzgerald Kennedy .",John Fitzgerald Kennedy,born in,Massachusetts
"Both Bush and Dukakis were born in Massachusetts ' ` ` county of presidents ' ' _ Norfolk County _ the one that already has given three of its natives to the nation : John Adams , John Quincy Adams , and John Fitzgerald Kennedy .",John Fitzgerald Kennedy,born in,Norfolk County
"Darci Alves Pereira stunned a packed courtroom by admitting he shot Mendes on Dec. 22 , 1988 , shortly after dark outside his home in this remote Amazon town near the Bolivian border , 2 , 650 miles northwest of Rio de Janeiro .",Darci Alves Pereira,kill,Mendes
David Belin said Stone deliberately overlooks evidence that Lee Harvey Oswald acted alone when he killed Kennedy and a Dallas police officer .,Lee Harvey Oswald,kill,Kennedy
"Abraham Lincoln ( 16th President ) : Born Feb. 12 , 1809 , in a one-room log cabin in Hodgenville , Ky. , in rolling hills in the central part of the state .",Lee Harvey Oswald,kill,Kennedy
"The New York Opera Repertory Theater was founded in 1977 by Leigh Gibbs Gore , who conducted the opera .",Leigh Gibbs Gore,founder,The New York Opera Repertory Theater
"A University of Texas law professor , Wright helped devise the legal argument that executive privilege exempted Nixon from complying with a subpoena to surrender tape recordings of Oval Office conversations .",Wright,work for,University of Texas
Madrid RNE International,RNE International,organization based in,Madrid
NEW YORK ( AP ),AP,organization based in,NEW YORK
NEW YORK ( AP ),AP,organization based in,NEW YORK
A Texas professor who helped mount President Nixon 's unsuccessful attempt to resist a key Watergate subpoena is being considered for the post of U.S. solicitor .,Nixon,work for,U.S.
President Bush announced Tuesday the United States will provide up to $50 million in food aid for Poland to help avert shortages in the country as it struggles to reform its government and economy.,Bush,work for,United States
"The nine sentences noting the spot where Dallas was settled are followed by this : ` ` On Nov. 22 , 1963 , the building gained national notoriety when Lee Harvey Oswald allegedly shot and killed President John F. Kennedy from a sixth floor window as the presidential motorcade passed the site. ' '",Lee Harvey Oswald,killed,President John F. Kennedy
"During the televised forum in which the candidates for the San Pedro Sula mayorship participated , the subject of industrial contamination was examined in greater depth by Nationalist candidate Samuel Bogran .",Samuel Bogran,candidate for mayor of,San Pedro Sula
"Yount , who was living in Coeur under the alias James Marvin Forsgren , was sentenced to life in prison for his conviction on first-degree murder and rape charges in the 1966 slaying of Pamela Sue Rimer , a student in his high school mathematics class in Luthersberg , Pa .",Yount,kill,Pamela Sue Rimer
"Yount , who was living in Coeur under the alias James Marvin Forsgren , was sentenced to life in prison for his conviction on first-degree murder and rape charges in the 1966 slaying of Pamela Sue Rimer , a student in his high school mathematics class in Luthersberg , Pa .",James Marvin Forsgren,kill,Pamela Sue Rimer
"In 1801 , Mormon leader Brigham Young was born in Whitingham , Vt .",Brigham Young,born in,"Whitingham , Vt"
OW1304082694 Magadan Radio Magadan in Russian 0700 GMT 5 Apr 94,Radio Magadan,organization based in,Magadan
"Deng Nan pointed out : In drawing up their programs for the year 2010 and their Ninth Five-Year Plan , various areas and departments should pay attention to embodying the idea and contents of "" China 's 21st Century Agenda . """,Deng Nan,promotes agenda of,China
"It seems to be more effective , ' ' said Dr. Alain Farley of McGill University in Montreal .",Alain Farley,work for,McGill University
"It seems to be more effective , ' ' said Dr. Alain Farley of McGill University in Montreal .",McGill University,organization based in,Montreal
"British Newspaper Alleges Nuclear Ambitions Text of Article PM3001110194 London THE SUNDAY TIMES 30 Jan 94 pp 1 , 15--FOR OFFICIAL USE ONLY",THE SUNDAY TIMES,organization based in,London
"HIGH ISLAND , Texas ( AP )",HIGH ISLAND,located in,Texas
"HIGH ISLAND , Texas ( AP )",AP,organization based in,HIGH ISLAND
"HIGH ISLAND , Texas ( AP )",AP,organization based in,Texas
"In 1988 , he directed three productions : ` ` A Street Car Named Desire ' ' on Broadway , ` ` Sweet Bird of Youth ' ' at the Royal Alexandra Theatre in Toronto , Canada , and ` ` The Legend of Oedipus ' ' in Williamstown .",Royal Alexandra Theatre,located in,Toronto
"In 1988 , he directed three productions : ` ` A Street Car Named Desire ' ' on Broadway , ` ` Sweet Bird of Youth ' ' at the Royal Alexandra Theatre in Toronto , Canada , and ` ` The Legend of Oedipus ' ' in Williamstown .",Royal Alexandra Theatre,organization based in,Canada
"In 1988 , he directed three productions : ` ` A Street Car Named Desire ' ' on Broadway , ` ` Sweet Bird of Youth ' ' at the Royal Alexandra Theatre in Toronto , Canada , and ` ` The Legend of Oedipus ' ' in Williamstown .",Toronto,organization based in,Canada
"In 1882 , the notorious outlaw Jesse James was shot to death in St. Joseph , Mo. , by Robert Ford , a member of his own gang .",Robert Ford,kill,Jesse James
"Sirhan Sirhan , in his first television interview , called Sen. Robert F. Kennedy his hero , but said he killed the presidential candidate more than 20 years ago because he felt betrayed by Kennedy 's support for Israel .",Sirhan Sirhan,kill,Sen. Robert F. Kennedy
"Spokesman Dietmar Kanzer of the smaller Rollei company , which employs about 270 people , told the AP the firm had great success with its new Roliflex 6008 camera in 1988 .",Dietmar Kanzer,work for,Rollei
"SOLEDAD , Calif. _ A state parole board refused to release from prison Sirhan B. Sirhan , convicted of killing Robert F. Kennedy in 1968 .",Sirhan B. Sirhan,kill,Robert F. Kennedy
"Ulysses S. Grant ( 18th President ) : Born April 27 , 1822 , in a one-room , 16x19-foot home in Point Pleasant , Ohio , overlooking the Ohio River .",Sirhan B. Sirhan,kill,Robert F. Kennedy
"In 1969 , James Earl Ray pleaded guilty in Memphis , Tenn. , to the assassination of civil rights leader Martin Luther King Junior .",James Earl Ray,kill,Martin Luther King Junior
Beijing CHINA DAILY ( SCIENCE MEDICINE ),CHINA DAILY,organization based in,Beijing
"Ozawa on U.S. Ties , Political Realignment OW1502060194 Tokyo YOMIURI SHIMBUN in Japanese 14 Feb 94 Morning Edition p 6 -- FOR OFFICIAL USE ONLY",YOMIURI SHIMBUN,organization based in,Tokyo
"In a 5-1 decision , the Supreme Court said Roger Mauro and his wife , Lois , cannot collect damages for his fear that he may contract cancer after being exposed to asbestos fibers while working as a plumber-steamfitter for more than a decade at Ancora State Psychiatric Hospital in Hammonton.",Roger Mauro,work for,Ancora State Psychiatric Hospital
"In a 5-1 decision , the Supreme Court said Roger Mauro and his wife , Lois , cannot collect damages for his fear that he may contract cancer after being exposed to asbestos fibers while working as a plumber-steamfitter for more than a decade at Ancora State Psychiatric Hospital in Hammonton.",Roger Mauro,work for,Ancora State Psychiatric Hospital
""" We hope to dispel the different myths about why Weiss allegedly killed Huey Long , when Weiss was on the threshold of beginning a very exciting life , "" Johnston said Wednesday from Washington. ;",Weiss,kill,Huey Long
Beijing XINHUA,XINHUA,organization based in,Beijing
"Higgins , 44 , was seized while assigned to a United Nations peacekeeping force.",Higgins,work for,United Nations
"In 1751 , James Madison , fourth president of the United States , was born in Port Conway , Va.",Higgins,work for,United Nations
"Anderson , the GE attorney , said in a letter dated June 2 , 1988 , that : ` ` In late May 1988 , it was discovered that prior to July 1987 , a particular flow leak check , which is required by GEAE ( General Electric Aircraft Engine ) specifications , was not performed on the F404 check and drain valves. ' '",Anderson,work for,GE
"Stacy Lin Bickel , 25 , of Tempe pleaded guilty in November to negligent homicide in the death of Deborah Sue Tomazin , 24 , of Phoenix .",Stacy Lin Bickel,live in,Tempe
"Stacy Lin Bickel , 25 , of Tempe pleaded guilty in November to negligent homicide in the death of Deborah Sue Tomazin , 24 , of Phoenix .",Deborah Sue Tomazin,live in,Phoenix
Official Views Danger of Slow Constitutional Revision PY2202163894 Sao Paulo O ESTADO DE SAO PAULO in Portuguese 20 Feb 94 p A7,O ESTADO DE SAO PAULO,organization based in,Sao Paulo
Beijing XINHUA Domestic Service,XINHUA,organization based in,Beijing
"The Warren Commission concluded that Lee Harvey Oswald , acting alone , fired the shots that killed Kennedy and wounded Texas Gov. John Connally .",Lee Harvey Oswald,kill,Kennedy
"In 1964 , a jury in Dallas found Jack Ruby guilty of murdering Lee Harvey Oswald , the accused assassin of President Kennedy.",Jack Ruby,kill,Lee Harvey Oswald
"MILLINOCKET , Maine ( AP )",MILLINOCKET,located in,Maine
"MILLINOCKET , Maine ( AP )",AP,organization based in,MILLINOCKET
"MILLINOCKET , Maine ( AP )",AP,organization based in,Maine
"Mark David Chapman , sentenced to 20 years to life for the murder of former Beatle John Lennon , staged a hunger strike to call attention to starving children .",Mark David Chapman,kill,Beatle John Lennon
"These negotiations on the final status , as is clear in the Declaration of Principles , emphasize that Jerusalem is one of the five most important topics that will be discussed at these final negotiations. ( Mu 'addi ) Dr. Nabil Sha 'th , member of the Palestinian National Authority , thank you very much. ( Sha 'th ) Thank you .",Nabil,work for,Palestinian National Authority
"But now the gang , led by Booth , turns into Team Mephistopheles , urging a sullen Oswald to follow their example and earn his place in history by killing Jack Kennedy .",Oswald,kill,Jack Kennedy
"Copland , who was born in Brooklyn , lives in upstate New York and is in failing health.",Copland,born in,Brooklyn
"The explosion set fire to about 100 yards of wooded area , said Lt. Jim Bowell of the Butler Township Fire Department .",Jim Bowell,work for,Butler Township Fire Department
"Mauro sued product manufacturers Owens-Corning Fiberglass of Toledo , Ohio ;",Owens-Corning Fiberglass,organization based in,Toledo
"Mauro sued product manufacturers Owens-Corning Fiberglass of Toledo , Ohio ;",Owens-Corning Fiberglass,organization based in,Ohio
"Mauro sued product manufacturers Owens-Corning Fiberglass of Toledo , Ohio ;",Toledo,organization based in,Ohio
"The timer valve manufactured by GE for the CFM56 engine on the 737 could not have caused the turbine to fail or threatened flight safety even if the valve malfunctioned , Kennedy said in telephone interview from his office in Cincinnati , where GE 's aircraft engine operations are based .",Kennedy,works in,Cincinnati
"The timer valve manufactured by GE for the CFM56 engine on the 737 could not have caused the turbine to fail or threatened flight safety even if the valve malfunctioned , Kennedy said in telephone interview from his office in Cincinnati , where GE 's aircraft engine operations are based .",Kennedy,work for,GE
"Maxwell 's Plum , once a hot spot among trendy New Yorkers in the 1960s , saw its fortunes fail in the highly competitive Manhattan restaurant market of the 1980s .",Kennedy,work for,GE
"( Text ) Prague , March 5 ( TANJUG ) -- The Committee of Senior Officials of the Conference on Security and Cooperation in Europe ( CSCE ) meeting in Prague called for the early return of its missions to Kosovo , Sandzak and Vojvodina in the Yugoslav Republic of Serbia .",Kosovo,part of,Yugoslav Republic of Serbia
"( Text ) Prague , March 5 ( TANJUG ) -- The Committee of Senior Officials of the Conference on Security and Cooperation in Europe ( CSCE ) meeting in Prague called for the early return of its missions to Kosovo , Sandzak and Vojvodina in the Yugoslav Republic of Serbia .",Sandzak,part of,Yugoslav Republic of Serbia
"( Text ) Prague , March 5 ( TANJUG ) -- The Committee of Senior Officials of the Conference on Security and Cooperation in Europe ( CSCE ) meeting in Prague called for the early return of its missions to Kosovo , Sandzak and Vojvodina in the Yugoslav Republic of Serbia .",Vojvodina,part of,Yugoslav Republic of Serbia
"In 1963 , in a scene captured on live network television , Dallas nightclub owner Jack Ruby shot and mortally wounded Lee Harvey Oswald , the accused assassin of President Kennedy .",Jack Ruby,kill,Lee Harvey Oswald
"In 1963 , in a scene captured on live network television , Dallas nightclub owner Jack Ruby shot and mortally wounded Lee Harvey Oswald , the accused assassin of President Kennedy .",Lee Harvey Oswald,accused assassin of,President Kennedy
"But Ms. Monnett , who said most of her reviews are positive , vowed to continue writing reviews _ even if she has to travel 90 miles to Yuma , Ariz. , to see the pictures .",Yuma,none,Ariz.
"The Becton Dickinson Co. of Franklin Lakes , N.J. , donates the needle containers , worth about $2 each.",Becton Dickinson Co.,organization based in,Franklin Lakes
"The Becton Dickinson Co. of Franklin Lakes , N.J. , donates the needle containers , worth about $2 each.",Becton Dickinson Co.,organization based in,N.J.
"The Becton Dickinson Co. of Franklin Lakes , N.J. , donates the needle containers , worth about $2 each.",Franklin Lakes,located in,N.J.
"The seven-member jury decided Darly Alves da Silva planned the Dec. 22 , 1988 , slaying and that his son Darci Alves Pereira fired the shotgun that killed Mendes .",Darly Alves da Silva,planned the killing of,Mendes
"The seven-member jury decided Darly Alves da Silva planned the Dec. 22 , 1988 , slaying and that his son Darci Alves Pereira fired the shotgun that killed Mendes .",Darci Alves Pereira,killed,Mendes
"Hurricane warnings were posted from Freeport , Texas , to Morgan City , La.",Freeport,none,Texas
"Hurricane warnings were posted from Freeport , Texas , to Morgan City , La.",Morgan City,none,La.
"OSHA had already filed numerous civil charges against the S.A. Healy Co. of McCook , Ill. , the tunnel contractor , and CH2M Hill of Corvallis , Ore. , an engineering firm that supervised the work.",S.A. Healy Co.,organization based in,McCook
"OSHA had already filed numerous civil charges against the S.A. Healy Co. of McCook , Ill. , the tunnel contractor , and CH2M Hill of Corvallis , Ore. , an engineering firm that supervised the work.",S.A. Healy Co.,organization based in,Ill.
"OSHA had already filed numerous civil charges against the S.A. Healy Co. of McCook , Ill. , the tunnel contractor , and CH2M Hill of Corvallis , Ore. , an engineering firm that supervised the work.",McCook,organization based in,Ill.
"OSHA had already filed numerous civil charges against the S.A. Healy Co. of McCook , Ill. , the tunnel contractor , and CH2M Hill of Corvallis , Ore. , an engineering firm that supervised the work.",CH2M Hill,organization based in,Corvallis
"OSHA had already filed numerous civil charges against the S.A. Healy Co. of McCook , Ill. , the tunnel contractor , and CH2M Hill of Corvallis , Ore. , an engineering firm that supervised the work.",CH2M Hill,organization based in,Ore.
"OSHA had already filed numerous civil charges against the S.A. Healy Co. of McCook , Ill. , the tunnel contractor , and CH2M Hill of Corvallis , Ore. , an engineering firm that supervised the work.",Corvallis,organization based in,Ore.
"Tony Denny , executive director of the state Republican Party , said he didn 't know of any mix-up , but that Mary Campbell of Clover is free to keep her tickets .",Tony Denny,work for,Republican Party
"Tony Denny , executive director of the state Republican Party , said he didn 't know of any mix-up , but that Mary Campbell of Clover is free to keep her tickets .",Mary Campbell,live in,Clover
"George Shibley , a defense attorney who represented Robert F. Kennedy 's assassin , Sirhan Sirhan , and helped defend 12 Hispanics in the ` ` Zoot Suit ' ' murder case of the 1940s , has died of cardiac arrest at 79 .",Sirhan Sirhan,assassin of,Robert F. Kennedy
LD1606082994 Tunis Tunisian Republic Radio Network in Arabic 1700 GMT 15 Jun 94,Tunisian Republic Radio Network,organization based in,Tunis
"Fort Snelling , Minn. ;",Fort Snelling,located in,Minn.
FL2405140894 Havana Radio Rebelde Network in Spanish 0900 GMT 24 May 94,Radio Rebelde Network,organization based in,Havana
"Eaglebrook East has contracts with a New York City recycler , two counties in New Jersey and Dutchess County in New York .",Dutchess County,organization based in,New York
BK2106131694 Jakarta Radio Republik Indonesia Network in Indonesian 1200 GMT 21 Jun 94,Radio Republik Indonesia Network,organization based in,Jakarta
"Army Reserve Center , Springfield , Mo. ;",Army Reserve Center,organization based in,Springfield
"Army Reserve Center , Springfield , Mo. ;",Army Reserve Center,organization based in,Mo.
"Army Reserve Center , Springfield , Mo. ;",Springfield,organization based in,Mo.
Qian Qichen Leaves Beijing for South Asian Tour OW2102114194 Beijing XINHUA in English 1127 GMT 21 Feb 94,Qian Qichen,left from,Beijing
Qian Qichen Leaves Beijing for South Asian Tour OW2102114194 Beijing XINHUA in English 1127 GMT 21 Feb 94,Qian Qichen,leaves from,Beijing
Qian Qichen Leaves Beijing for South Asian Tour OW2102114194 Beijing XINHUA in English 1127 GMT 21 Feb 94,XINHUA,organization based in,Beijing
Qian Qichen Leaves Beijing for South Asian Tour OW2102114194 Beijing XINHUA in English 1127 GMT 21 Feb 94,XINHUA,organization based in,Beijing
"Andrew Jackson , born March 15 , 1767 , in Waxhaw settlement on the farm of his aunt near the North Carolina South Carolina , but before the border was drawn .",Andrew Jackson,born in,Waxhaw
"Andrew Jackson , born March 15 , 1767 , in Waxhaw settlement on the farm of his aunt near the North Carolina South Carolina , but before the border was drawn .",Andrew Jackson,born in,North Carolina South Carolina
"` ` For the first time it is possible to say from an anatomical point of view that primitive man could speak , ' ' said Professor Baruch Arensberg of Tel Aviv Univerisity , a member of the team studying the remains found in northern Israel.",Baruch Arensberg,work for,Tel Aviv Univerisity
"` ` For the first time it is possible to say from an anatomical point of view that primitive man could speak , ' ' said Professor Baruch Arensberg of Tel Aviv Univerisity , a member of the team studying the remains found in northern Israel.",Baruch Arensberg,work for,Tel Aviv Univerisity
"` ` For the first time it is possible to say from an anatomical point of view that primitive man could speak , ' ' said Professor Baruch Arensberg of Tel Aviv Univerisity , a member of the team studying the remains found in northern Israel.",Baruch Arensberg,work for,Tel Aviv Univerisity
Democrat Bill Clinton of Arkansas said the summit will keep education and child-related issues on the public agenda.,Bill Clinton,from,Arkansas
"Today 's highlight in history : In 1901 , President William McKinley was shot by anarchist Leon Czolgosz at the Pan-American Exposition in Buffalo , N.Y.",Leon Czolgosz,kill,President William McKinley
"Police Major Pramot said that even though officials managed to destroy a large number of poppy plants , he ordered Police Colonel Suraphong Khemasingkhi , the superintendent of BPP Unit 24 , to mobilize a team of BPP officials and asked for the cooperation of the units concerned to destroy the rest .",Suraphong Khemasingkhi,work for,BPP Unit 24
"( Editorial Report ) The 11 April Jakarta BISNIS INDONESIA in Indonesian on page 5 reported that the recently established East Asian Growth Area ( EAGA ) encompassing the eastern region of Indonesia , the Malaysian states of Sabah and Sarawak , Brunei , and the Mindanao islands of the Philippines - - is expected to increase Indonesia 's exports from its eastern region.",BISNIS INDONESIA,reports on,Indonesia
"( Editorial Report ) The 11 April Jakarta BISNIS INDONESIA in Indonesian on page 5 reported that the recently established East Asian Growth Area ( EAGA ) encompassing the eastern region of Indonesia , the Malaysian states of Sabah and Sarawak , Brunei , and the Mindanao islands of the Philippines - - is expected to increase Indonesia 's exports from its eastern region.",BISNIS INDONESIA,reports on,Indonesia
"( Editorial Report ) The 11 April Jakarta BISNIS INDONESIA in Indonesian on page 5 reported that the recently established East Asian Growth Area ( EAGA ) encompassing the eastern region of Indonesia , the Malaysian states of Sabah and Sarawak , Brunei , and the Mindanao islands of the Philippines - - is expected to increase Indonesia 's exports from its eastern region.",Mindanao islands,part of,the Philippines
"In 1809 , author Edgar Allan Poe was born in Boston .",Edgar Allan Poe,born in,Boston
PA2105201294 Panama City ACAN in Spanish 1742 GMT 21 May 94,ACAN,organization based in,Panama City
Washington : About 110 firefighters cut a containment line most of the way around an 850-acre forest fire in the Pasayten Wilderness near the Canadian border Tuesday.,Pasayten Wilderness,located in,Washington
"Rep. Edward Roybal , D-Calif. , chairman of the House Appropriations treasury and postal subcommittee , which authored the House-passed spending bill , said Mrs. Quayle invited them to visit the mansion and examine the needed work.",Edward Roybal,chairman of,House Appropriations treasury and postal subcommittee
"SOVETSKAYA ROSSIA ( opposition newspaper ) gives a digest of the report on social and economic situation in Russia compiled by the Russian Statistics Committee , which was circulated in the Kremlin among participants in the enlarged meeting of the government .",Russian Statistics Committee,organization based in,Russia
"Historic Movie House May Close : The Texas Theater , the Dallas movie house where Lee Harvey Oswald was arrested after the assassination of President John F. Kennedy , may be closing soon .",Lee Harvey Oswald,assassin of,President John F. Kennedy
"In Washington , U.S. strategists upgraded the missile threat from Pyongyang from potential to real and decided that the communist country required high-level attention .",Washington,organization based in,U.S.
LD0706183794 Riga Radio Riga Network in Latvian 1700 GMT 7 Jun 94,Radio Riga Network,organization based in,Riga
"Lehi , also known as the Stern Gang , assassinated the British colonial minister , Lord Moyne , and the Swedish U.N. mediator , Count Folke Bernadotte. ;",Lehi,kill,Lord Moyne
"Lehi , also known as the Stern Gang , assassinated the British colonial minister , Lord Moyne , and the Swedish U.N. mediator , Count Folke Bernadotte. ;",Lehi,kill,Lord Moyne
"Lehi , also known as the Stern Gang , assassinated the British colonial minister , Lord Moyne , and the Swedish U.N. mediator , Count Folke Bernadotte. ;",Stern Gang,kill,Lord Moyne
"Lehi , also known as the Stern Gang , assassinated the British colonial minister , Lord Moyne , and the Swedish U.N. mediator , Count Folke Bernadotte. ;",Stern Gang,kill,Lord Moyne
"of Shinseito ( Japan Renewal Party ) , by Takeshi Sasaki , Tokyo University professor , on 13 February , moderated by Shoichi Oikawa , YOMIURI SHIMBUN political editor ; place not given ; first paragraph is YOMIURI SHIMBUN introduction ) ( Excerpts ) After the passage of the political reform laws , as vigorous moves toward the realignment of the political world become apparent , YOMIURI SHIMBUN invited Ichiro Ozawa , secretary of Shinseito , on 13 February to talk for about two hours on the possible course of political realignment , foreign policy and security , international contribution , and his assessment of postwar politics .",Takeshi Sasaki,work for,Tokyo University
"of Shinseito ( Japan Renewal Party ) , by Takeshi Sasaki , Tokyo University professor , on 13 February , moderated by Shoichi Oikawa , YOMIURI SHIMBUN political editor ; place not given ; first paragraph is YOMIURI SHIMBUN introduction ) ( Excerpts ) After the passage of the political reform laws , as vigorous moves toward the realignment of the political world become apparent , YOMIURI SHIMBUN invited Ichiro Ozawa , secretary of Shinseito , on 13 February to talk for about two hours on the possible course of political realignment , foreign policy and security , international contribution , and his assessment of postwar politics .",Shoichi Oikawa,work for,YOMIURI SHIMBUN
"of Shinseito ( Japan Renewal Party ) , by Takeshi Sasaki , Tokyo University professor , on 13 February , moderated by Shoichi Oikawa , YOMIURI SHIMBUN political editor ; place not given ; first paragraph is YOMIURI SHIMBUN introduction ) ( Excerpts ) After the passage of the political reform laws , as vigorous moves toward the realignment of the political world become apparent , YOMIURI SHIMBUN invited Ichiro Ozawa , secretary of Shinseito , on 13 February to talk for about two hours on the possible course of political realignment , foreign policy and security , international contribution , and his assessment of postwar politics .",Shoichi Oikawa,work for,YOMIURI SHIMBUN
"of Shinseito ( Japan Renewal Party ) , by Takeshi Sasaki , Tokyo University professor , on 13 February , moderated by Shoichi Oikawa , YOMIURI SHIMBUN political editor ; place not given ; first paragraph is YOMIURI SHIMBUN introduction ) ( Excerpts ) After the passage of the political reform laws , as vigorous moves toward the realignment of the political world become apparent , YOMIURI SHIMBUN invited Ichiro Ozawa , secretary of Shinseito , on 13 February to talk for about two hours on the possible course of political realignment , foreign policy and security , international contribution , and his assessment of postwar politics .",Shoichi Oikawa,work for,YOMIURI SHIMBUN
"of Shinseito ( Japan Renewal Party ) , by Takeshi Sasaki , Tokyo University professor , on 13 February , moderated by Shoichi Oikawa , YOMIURI SHIMBUN political editor ; place not given ; first paragraph is YOMIURI SHIMBUN introduction ) ( Excerpts ) After the passage of the political reform laws , as vigorous moves toward the realignment of the political world become apparent , YOMIURI SHIMBUN invited Ichiro Ozawa , secretary of Shinseito , on 13 February to talk for about two hours on the possible course of political realignment , foreign policy and security , international contribution , and his assessment of postwar politics .",Ichiro Ozawa,work for,Shinseito
"of Shinseito ( Japan Renewal Party ) , by Takeshi Sasaki , Tokyo University professor , on 13 February , moderated by Shoichi Oikawa , YOMIURI SHIMBUN political editor ; place not given ; first paragraph is YOMIURI SHIMBUN introduction ) ( Excerpts ) After the passage of the political reform laws , as vigorous moves toward the realignment of the political world become apparent , YOMIURI SHIMBUN invited Ichiro Ozawa , secretary of Shinseito , on 13 February to talk for about two hours on the possible course of political realignment , foreign policy and security , international contribution , and his assessment of postwar politics .",Ichiro Ozawa,work for,Shinseito
"In 1822 , the 18th president of the United States , Ulysses S. Grant , was born in Point Pleasant , Ohio .",Ichiro Ozawa,work for,Shinseito
"Wang Shaohua , an official with China 's consulate in San Francisco , said those who fled ` ` were instigated by people with motives to bring damage to China. ' '",Wang Shaohua,work for,San Francisco
"Her husband 's assassin , Mark David Chapman , said he had decided to kill John Lennon in 1980 after reading an article about the former Beatle in a magazine , Ono said .",Mark David Chapman,kill,John Lennon
"Officials , Newspapers Greet End of SRV Embargo Editorial Hails Embargo End BK0502093694 Bangkok THE NATION in English 5 Feb 94 p A6",THE NATION,organization based in,Bangkok
"An-a-one , an-a-two , an-a-three billion ) Taxpayers will be pleased to learn that a federal grant for Lawrence Welk 's North Dakota birthplace has finally been buried , nine months after an embarrassed Congress voted to kill it .",Lawrence Welk,birthplace,North Dakota
"Another GE employee , attorney Robert C. Anderson , said in a letter last year that test records may have been falsified for valves used on the FA-18 in 1984-87 .",Robert C. Anderson,work for,GE
"( Text ) Following the conclusion of the Geneva negotiations today , Ejup Ganic , head of the Bosnia-Herzegovina delegation and vice of the Federation of Bosnia-Herzegovina , made the following statement for Bosnia-Herzegovina Radio and TV : ( Begin Ganic recording ) The delegation acted in accordance with the Assembly guidelines .",Ejup Ganic,work for,Federation of Bosnia-Herzegovina
"( Text ) Following the conclusion of the Geneva negotiations today , Ejup Ganic , head of the Bosnia-Herzegovina delegation and vice of the Federation of Bosnia-Herzegovina , made the following statement for Bosnia-Herzegovina Radio and TV : ( Begin Ganic recording ) The delegation acted in accordance with the Assembly guidelines .",Bosnia-Herzegovina Radio and TV,organization based in,Federation of Bosnia-Herzegovina
Eaglebrook East opened in Middletown in April .,Eaglebrook East,organization based in,Middletown
"Scattered among reams of FBI and Secret Service reports are fragments of the lonely life of Oswald , a Marxist who lived in obscurity and died in infamy and who the Warren Commission concluded was acting alone when he killed Kennedy .",Oswald,killed,Kennedy
