News Summary,Mistral_name,Mistral_class_of_Entity,Mistral_Type_of_Entity,Mistral_properties,Mistral_source,Mistral_target,Mistral_relationship,,Phi3_name,Phi3_class_of_Entity,Phi3_Type_of_Entity,Phi3_properties,Phi3_source,Phi3_target,Phi3_relationship,,GT_name,GT_class_of_Entity,GT_Type_of_Entity,GT_properties,GT_source,GT_target,GT_relationship,,Llama3_name,Llama3_class_of_Entity,Llama3_Type_of_Entity,Llama3_properties,Llama3_source,Llama3_target,Llama3_relationship,,Mixtral8-7b-instructv0.1,,,,,
"Actor Prateik Babbar in a recent interview opened up on his challenging life experiences, including being sent to a rehab center at 18 & his divorce. He also shared his disappointment about missed opportunities in his career, like not being part of the film 'Bhaag Milkha Bhaag.' However, he found love again with Priya Banerjee, whom he described as his home.","['Prateik Babbar', 'Priya Banerjee']","['Person', 'Person']","['Actor', 'Actress']","[['sent to rehab at 18', 'divorced', 'disappointment about missed opportunity in Bhaag Milkha Bhaag'], ['described as home by prateik babbar']]",['Prateik Babbar'],['Priya Banerjee'],['Describes as Home'],,"['Prateik Babbar', 'Rehab Center', 'Priya Banerjee']","['Person', 'Healthcare Facility', 'Person']","['Actor', 'Place', 'Partner/Significant Other']","[['sent to rehab center at 18', 'divorced', ""missed opportunity in 'Bhaag Milkha Bhaag'"", 'found love with Priya Banerjee'], [], ['home to Prateik Babbar']]","['Prateik Babbar', 'Prateik Babbar', 'Prateik Babbar']","['Rehab Center', ""'Bhaag Milkha Bhaag'"", 'Priya Banerjee']","['Sent to', 'Missed Opportunity In', 'Found Love With']",,"['Prateik Babbar', 'Bhaag Milkha Bhaag', 'Priya Banerjee']","['Person', 'Entertainment', 'Person']","['Actor', 'Movie', 'Actress']","['rehab center at 18 & his divorce', nan, nan]","['Prateik Babbar', 'Prateik Babbar']","['Bhaag Milkha Bhaag', 'Priya Banerjee']","['not being part of the film', 'In a relationship']",,"[""Prateik Babbar"", ""Priya Banerjee""]","[""Person"", ""Person""]","[""Actor"", ""Actress""]","[[""sent to rehab center at 18"", ""divorce"", ""missed opportunities in career"", ""found love again with Priya Banerjee""], [""described as home by Prateik Babbar""]]","[""Prateik Babbar"", ""Prateik Babbar""]","[""Priya Banerjee"", ""Bhaag Milkha Bhaag""]","[""Partner"", ""Missed opportunity""]",,"{ ""nodes"": [ {""name"": ""Prateik Babbar"", ""class of entity"": ""Person"", ""type of entity"": ""Actor"", ""properties"": [ ""challenging life experiences"", ""sent to rehab center at 18"", ""divorce"", ""disappointment about missed opportunities"", ""not being part of the film 'Bhaag Milkha Bhaag'"" ]}, {""name"": ""Priya Banerjee"", ""class of entity"": ""Person"", ""type of entity"": ""Actor"", ""properties"": [ ""found love again with"" ]} ], ""edges"": [ {""source"": ""Prateik Babbar"", ""target"": ""challenging life experiences"", ""relationship"": ""has""}, {""source"": ""Prateik Babbar"", ""target"": ""rehab center"", ""relationship"": ""sent to""}, {""source"": ""Prateik Babbar"", ""target"": ""divorce"", ""relationship"": ""had""}, {""source"": ""Prateik Babbar"", ""target"": ""missed opportunities"", ""relationship"": ""had""}, {""source"": ""Prateik Babbar"", ""target"": ""Bhaag Milkha Bhaag"", ""relationship"": ""not part of""}, {""source"": ""Prateik Babbar"", ""target"": ""Priya Banerjee"", ""relationship"": ""found love again with""} ] }",,,,,
"The star cast of Zoya Akhtar's film 'The Archies' appeared on Amitabh Bachchan's show, 'Kaun Banega Crorepati 15,' to promote their movie. During the show, Suhana Khan, who is Shah Rukh Khan's daughter, couldn't answer a question about her father's honours. She mistakenly chose the wrong option for the question, leaving host Amitabh Bachchan surprised.","['Zoya Akhtar', 'Suhana Khan', 'Shah Rukh Khan', 'Amitabh Bachchan', 'The Archies']","['Person', 'Person', 'Person', 'Person', 'Entertainment']","['Director', 'Actor', 'Actor', 'Actor & Host', 'Movie']","[[], ['daughter of Shah Rukh Khan'], ['father of Suhana Khan'], [], []]","['Zoya Akhtar', 'Suhana Khan', 'Suhana Khan', 'Shah Rukh Khan', 'Zoya Akhtar']","['The Archies', 'Shah Rukh Khan', 'Amitabh Bachchan', 'Amitabh Bachchan', 'Amitabh Bachchan']","['Director of', 'Daughter of', 'Appeared on KBC with', 'Guest on KBC with', 'Appeared on KBC with']",,"['Zoya Akhtar', 'The Archies', 'Amitabh Bachchan', 'Suhana Khan', 'Shah Rukh Khan']","['Person', 'Film', 'Person', 'Person', 'Person']","['Director', 'Movie', 'Host', 'Actress', 'Actor']","[[], [], [], [], []]","['Zoya Akhtar', 'The Archies', 'Suhana Khan', 'Suhana Khan']","['The Archies', ""Amitabh Bachchan's Show Kaun Banega Crorepati 15"", 'Shah Rukh Khan', ""Amitabh Bachchan's Show Kaun Banega Crorepati 15""]","['Star Cast In', 'Appeared To Promote', 'Daughter Of', 'Participated In']",,"['Zoya Akhtar', 'Amitabh Bachchan', 'Suhana Khan', 'Kaun Banega Crorepati 15', 'Shah Rukh Khan', 'The Archies']","['Person', 'Person', 'Person', 'Entertainment', 'Person', 'Entertainment']","['Director', 'Actor & Host', 'Actress', ""TV show'"", 'Actor', 'Movie']","[nan, nan, nan, nan, nan, nan]","['Zoya Akhtar', 'Suhana Khan', 'Shah Rukh Khan', 'Zoya Akhtar', 'Suhana Khan']","['Amitabh Bachchan', 'Amitabh Bachchan', 'Suhana Khan', 'The Archies', 'Kaun Banega Crorepati 15']","['Appeared on show', ""Couldn't answer question on show"", 'Father of', 'Director of', 'Appeared To Promote Movie']",,"[""Zoya Akhtar"", ""Amitabh Bachchan"", ""Suhana Khan"", ""Shah Rukh Khan"", ""The Archies"", ""Kaun Banega Crorepati 15""]","[""Person"", ""Person"", ""Person"", ""Person"", ""Entertainment"", ""Entertainment""]","[""Director"", ""Actor"", ""Child"", ""Actor"", ""Movie"", ""TV Show""]","[[""film 'The Archies'""], [""host of 'Kaun Banega Crorepati 15'""], [""daughter of Shah Rukh Khan"", ""appeared on 'Kaun Banega Crorepati 15'""], [""father of Suhana Khan"", ""honours""], [""promoted on 'Kaun Banega Crorepati 15'""], [""hosted by Amitabh Bachchan""]]","[""Zoya Akhtar"", ""Amitabh Bachchan"", ""Suhana Khan"", ""Suhana Khan"", ""Shah Rukh Khan"", ""Suhana Khan""]","[""The Archies"", ""Kaun Banega Crorepati 15"", ""Shah Rukh Khan"", ""Amitabh Bachchan"", ""Suhana Khan"", ""The Archies""]","[""Director of"", ""Host of"", ""Child of"", ""Appeared on"", ""Parent of"", ""Promoted""]",,,,,,,
"Director Siddharth Anand has released the first track from his upcoming film 'Fighter.' Titled 'Sher Khul Gaye,' the song is a party anthem with infectious dance beats. Hrithik Roshan's flawless moves and chemistry with Deepika Padukone make the song a treat for audiences. The ensemble cast's captivating moves ensure that the song will dominate playlists.","['Siddharth Anand', 'Hrithik Roshan', 'Deepika Padukone', 'Fighter']","['Person', 'Person', 'Person', 'Entertainment']","['Director', 'Actor', 'Actress', 'Movie']","[['Upcoming Film: Fighter'], ['Flawless moves', 'chemistry with deepika padukone'], [], ['First Track: Sher Khul Gaye']]","['Siddharth Anand', 'Hrithik Roshan', 'Deepika Padukone']","['Fighter', 'Deepika Padukone', 'Fighter']","['Director', 'co star', 'actress in']",,"['Siddharth Anand', 'Fighter', ""'Sher Khul Gaye'"", 'Hrithik Roshan', 'Deepika Padukone', 'ensemble cast']","['Person', 'Film', 'Music Track', 'Person', 'Person', 'Group']","['Director', 'Movie', 'Song', 'Actor', 'Actress', 'Cast']","[[], ['first track release'], ['party anthem', 'dance beats'], ['flawless moves', 'chemistry with Deepika Padukone'], [], ['captivating moves']]","['Siddharth Anand', 'Fighter', 'Hrithik Roshan', 'Hrithik Roshan', 'ensemble cast']","['Fighter', ""'Sher Khul Gaye'"", ""'Sher Khul Gaye'"", 'Deepika Padukone', ""'Sher Khul Gaye'""]","['Released First Track From', 'Contains Song Of', 'Performed In', 'Worked With On Film', 'Featured In']",,"['Siddharth Anand', 'Fighter', 'Hrithik Roshan', 'Deepika Padukone']","['Person', 'Entertainment', 'Person', 'Person']","['Director', 'Movie', 'Actor', 'Actress']","['released the first track', ""Titled 'Sher Khul Gaye,' the song"", nan, nan]","['Siddharth Anand', 'Hrithik Roshan', 'Deepika Padukone', 'Hrithik Roshan']","['Fighter', 'Deepika Padukone', 'Fighter', 'Fighter']","['Director of', 'Co-Star', 'Actress in', 'Actor in']",,"[""Siddharth Anand"", ""Fighter"", ""Hrithik Roshan"", ""Deepika Padukone"", ""Sher Khul Gaye""],","[""Person"", ""Entertainment"", ""Person"", ""Person"", ""Entertainment""],","[""Director"", ""Movie"", ""Actor"", ""Actress"", ""Song""],","[[""first track 'Sher Khul Gaye' released""], [""flawless moves""], [""chemistry with Hrithik Roshan""], [""party anthem with infectious dance beats""], None]","[""Siddharth Anand"", ""Hrithik Roshan"", ""Deepika Padukone""],","[""Fighter"", ""Sher Khul Gaye"", ""Sher Khul Gaye""],","[""Director of"", ""Performs"", ""Performs"", ""Chemistry""]",,,,,,,
Deepika Padukone and her sister Anisha visited Andhra Pradesh's Tirumala temple to seek blessings from Lord Venkateshwara. Videos of the actress arriving at the temple have gone viral on social media. The 'Pathaan' actress opted for a black co-ord set and completed her look with a messy bun. The film??s new song 'Sher Khul Gaye' will be released on Friday.,"['Deepika Padukone', 'Anisha', 'Andhra Pradesh', 'Tirumala temple', 'Pathaan']","['Person', 'Person', 'Location', 'Location', 'Entertainment']","['Actress', 'Person', 'State', 'Religious Place', 'Movie']","[['visited Tirumala temple', 'wore black coord set', 'completed look with messy bun', 'new song Sher Khul Gaye release on friday'], [], [], ['seeking blessings from Lord Venkateshwara'], ['new song Sher Khul Gaye release on friday']]","['Deepika Padukone', 'Deepika Padukone', 'Deepika Padukone', 'Deepika Padukone']","['Tirumala temple', 'Anisha', 'Andhra Pradesh', 'Pathaan']","['Visited', 'Sister', 'Visited', 'Actress in']",,"['Deepika Padukone', 'Anisha', 'Andhra Pradesh', 'Tirumala temple', 'Pathaan']","['Person', 'Person', 'Location', 'Location', 'Entertainment']","['Actress', 'Person', 'State', 'Religious Place', 'Movie']","[[], [], [], ['Lord Venkateshwara'], [""New song 'Sher Khul Gaye' release on Friday""]]","['Deepika Padukone', 'Deepika Padukone', 'Deepika Padukone']","['Tirumala temple', 'Anisha', 'Pathaan']","['visited', 'sister', 'actress in']",,"['Deepika Padukone', 'Anisha', 'Andhra Pradesh', 'Tirumala temple', 'Pathaan']","['Person', 'Person', 'Location', 'Location', 'Entertainment']","['Actress', 'Actress', 'State', 'Religious Place', 'Movie']","[nan, nan, nan, 'seeking blessings from Lord Venkateshwara', 'new song Sher Khul Gaye will be released on Friday']","['Deepika Padukone', 'Deepika Padukone', 'Deepika Padukone', 'Deepika Padukone', 'Andhra Pradesh']","['Anisha', 'Tirumala temple', 'Andhra Pradesh', 'Pathaan', 'Tirumala temple']","['Sister', 'Visited', 'Visited', 'Actress in', 'Located in']",,"[""Director Siddharth Anand"", ""Fighter"", ""Hrithik Roshan"", ""Deepika Padukone"", ""Sher Khul Gaye""],","[""Person"", ""Entertainment"", ""Person"", ""Person"", ""Entertainment""],","[""Director"", ""Movie"", ""Actor"", ""Actress"", ""Song""],","[[""first track 'Sher Khul Gaye' released""], [""flawless moves""], [""chemistry with Hrithik Roshan""], [""party anthem with infectious dance beats""], None],","[""Director Siddharth Anand"", ""Hrithik Roshan"", ""Deepika Padukone"", ""Hrithik Roshan"", ""Deepika Padukone""],","[""Fighter"", ""Sher Khul Gaye"", ""Sher Khul Gaye"", ""Deepika Padukone"", ""Sher Khul Gaye""],","[""Director of"", ""Performs"", ""Performs"", ""Chemistry"", ""Chemistry""]",,,,,,,
"Shah Rukh Khan's upcoming film 'Dunki' has already earned over ?1 cr on its opening day of advance ticket bookings. The film, which is set to be released on December 21, has sold 35,206 tickets for 2,844 shows. 'Dunki' will clash with Prabhas' 'Salaar', and early predictions suggest that the SRK-starrer may do better in terms of screen space & collections.","['Shah Rukh Khan', 'Dunki', 'Prabhas', 'Salaar']","['Person', 'Entertainment', 'Person', 'Entertainment']","['Actor', 'Movie', 'Actor', 'Movie']","[['Upcoming Film Dunki', 'Release Date December 21'], ['Release Date December 21', 'Advance Booking Sales >?1cr'], [], []]","['Shah Rukh Khan', 'Dunki']","['Dunki', 'Prabhas']","['Starring In', 'Clashes With']",,"['Shah Rukh Khan', 'Dunki', 'Prabhas', 'Salaar']","['Person', 'Film', 'Person', 'Film']","['Actor', 'Movie', 'Actor', 'Movie']","[[], ['Release Date: December 21', 'Screen Space & Collections Prediction'], [], []]","['Shah Rukh Khan', 'Dunki', 'Dunki', 'Dunki']","['Dunki', 'Advance ticket bookings', 'Prabhas', 'Salaar']","['Starring', 'Opening Day Revenue', 'Competing Film', 'Competing Film']",,"['Shah Rukh Khan', 'Dunki', 'Salaar', 'Prabhas']","['Person', 'Entertainment', 'Entertainment', 'Person']","['Actor', 'Movie', 'Movie', 'Actor']","['upcoming film', ""Opening Day Advance Bookings ?á¬´?1cr+', 'Clashes with Salaar', 'Set to release on Dec 21"", nan, 'Upcoming Film Salaar']","['Shah Rukh Khan', 'Prabhas', 'Dunki', 'Dunki', 'Dunki', 'Dunki', 'Shah Rukh Khan']","['Dunki', 'Salaar', '2024-12-21 00:00:00', 'Salaar', '35206', '2,8,44', 'Prabhas']","['Actor in', 'Actor in', 'Release Date', 'Competing with', 'tickets sold', 'shows', 'Competing with']",,"[""Shah Rukh Khan"", ""Dunki"", ""Prabhas""],","[""Person"", ""Entertainment"", ""Person""],","[""Actor"", ""Movie"", ""Actor""],","[[""upcoming film 'Dunki'""], [""opening day of advance ticket bookings"", ""release date December 21"", ""screen space & collections""], [""film 'Salaar'""]]","[""Shah Rukh Khan"", ""Dunki"", ""Dunki""],","[""Dunki"", ""Prabhas"", ""Salaar""]","[""Starring"", ""Clashing with"", ""Clashing with""]",,,,,,,
"Rohit Shetty's highly anticipated series 'Indian Police Force' promises to be an immersive journey into the cop universe. The teaser reveals a thrilling chase as brave heroes, including Sidharth Malhotra, Shilpa Shetty Kundra and Vivek Oberoi, take on the masterminds behind explosive bomb blasts. The series will premiere on Prime Video on Jan 19, 2024.","['Rohit Shetty', 'Indian Police Force', 'Sidharth Malhotra', 'Shilpa Shetty Kundra', 'Vivek Oberoi']","['Person', 'Entertainment', 'Person', 'Person', 'Person']","['Director', 'Series', 'Actor', 'Actor', 'Actor']","[[], ['January 19, 2024 release date'], [], [], []]","['Rohit Shetty', 'Sidharth Malhotra', 'Shilpa Shetty Kundra', 'Vivek Oberoi']","['Indian Police Force', 'Indian Police Force', 'Indian Police Force', 'Indian Police Force']","['Director', 'Actor', 'Actor', 'Actor']",,"['Rohit Shetty', 'Indian Police Force', 'Sidharth Malhotra', 'Shilpa Shetty Kundra', 'Vivek Oberoi']","['Person', 'Series', 'Person', 'Person', 'Person']","['Director', 'TV Show', 'Actor', 'Actress', 'Actor']","[[], ['premiere on Prime Video on January 19, 2024'], [], [], []]","['Rohit Shetty', 'Indian Police Force', 'Indian Police Force', 'Indian Police Force']","['Indian Police Force', 'Sidharth Malhotra', 'Shilpa Shetty Kundra', 'Vivek Oberoi']","['Creator', 'Star', 'Star', 'Star']",,"['Rohit Shetty', 'Indian Police Force', 'Sidharth Malhotra', 'Shilpa Shetty Kundra', 'Vivek Oberoi', 'Prime Video']","['Person', 'Entertainment', 'Person', 'Person', 'Person', 'Entertainment']","['Director', 'Movie', 'Actor', 'Actress', 'Actor', 'OTT Platform ']","[nan, nan, nan, nan, nan, nan]","['Rohit Shetty', 'Sidharth Malhotra', 'Shilpa Shetty Kundra', 'Vivek Oberoi', 'Indian Police Force', 'Sidharth Malhotra', 'Shilpa Shetty Kundra', 'Vivek Oberoi']","['Indian Police Force', 'Indian Police Force', 'Indian Police Force', 'Indian Police Force', 'Prime Video', 'Shilpa Shetty Kundra', 'Vivek Oberoi', 'Sidharth Malhotra']","['Director of', 'Actor in', 'Actress in', 'Actor in', 'premiere on', 'Co-Star', 'Co-Star', 'Co-Star']",,"[""Rohit Shetty"", ""Indian Police Force"", ""Sidharth Malhotra"", ""Shilpa Shetty Kundra"", ""Vivek Oberoi""]","[""Person"", ""Entertainment"", ""Person"", ""Person"", ""Person""]","[""Director"", ""TV Series"", ""Actor"", ""Actress"", ""Actor""]","[[""highly anticipated series 'Indian Police Force'""], [""promises to be an immersive journey into the cop universe"", ""premiere on Prime Video on Jan 19, 2024""], [], [], []]","[""Rohit Shetty"", ""Sidharth Malhotra"", ""Shilpa Shetty Kundra"", ""Vivek Oberoi"", ""Rohit Shetty""]","[""Indian Police Force"", ""Indian Police Force"", ""Indian Police Force"", ""Indian Police Force"", ""Indian Police Force""]","[""Director of"", ""Actor in"", ""Actor in"", ""Actor in"", ""Director of""]",,,,,,,
"Aaradhya Bachchan, daughter of Abhishek Bachchan & Aishwarya Rai, stole the show at the Dhirubhai Ambani International School's annual day event in Mumbai with her stellar performance in a play. Netizens praised her acting skills and confidence at the age of 12 & pointed out her uncanny resemblance to her mother. A netizen commented, ""Ate & left no crumbs"".","['Aaradhya Bachchan', 'Abhishek Bachchan', 'Aishwarya Rai', 'Dhirubhai Ambani International School']","['Person', 'Person', 'Person', 'Location']","['Child', 'Actor', 'Actress', 'School']","[['stellar performance in a play', 'netizens praised her acting skills and confidence', 'uncanny resemblance to her mother'], [], [], []]","['Aaradhya Bachchan', 'Netizens', 'Aaradhya Bachchan', 'Aaradhya Bachchan']","['Netizens', 'Aaradhya Bachchan', 'Her mother', 'Dhirubhai Ambani International School']","['Received praises from', 'Commented on her performance', 'Resembles', 'Performed at annual day event']",,"['Aaradhya Bachchan', 'Abhishek Bachchan', 'Aishwarya Rai', 'Dhirubhai Ambani International School', 'Mumbai']",[],[],"[['daughter of Abhishek Bachchan & Aishwarya Rai', 'performed in a play', 'acting skills', 'confidence', 'resembling mother'], [], [], ['hosted annual day event'], []]","['Aaradhya Bachchan', 'Aaradhya Bachchan', 'Aaradhya Bachchan', 'Netizen']","['Dhirubhai Ambani International School', 'Abhishek Bachchan', 'Aishwarya Rai', 'Aaradhya Bachchan']","['Participated In Performance At Event', 'Offspring', 'Has Resemblance To', 'Gave Comment About Performance']",,"['Aaradhya Bachchan', 'Abhishek Bachchan', 'Aishwarya Rai', 'Dhirubhai Ambani International School', 'Mumbai']","['Person', 'Person', 'Person', 'Organization', 'Location']","['Child', 'Actor', 'Actress', 'Educational Institution', 'City']","[""stellar performance in a play', 'netizens praised her acting skills and confidence', 'uncanny resemblance to her mother"", nan, nan, 'annual day event', nan]","['Aaradhya Bachchan', 'Aaradhya Bachchan', 'Aaradhya Bachchan', 'Netizens']","['Dhirubhai Ambani International School', 'Abhishek Bachchan', 'Aishwarya Rai', 'Aaradhya Bachchan']","['Performed at', 'Daughter of', 'Daughter of', 'Praised']",,,,,,,,,,,,,,,
"Anup Ghoshal, mostly known for the 'Tujhse Naraz Nahi Zindagi' number from the 1983 film 'Masoom', passed away at the age of 77. He had been hospitalised for several days in Kolkata for old age ailments and died due to multi-organ failure. Ghoshal was known for his versatile singing abilities. He had worked with renowned directors such as Satyajit Ray.",['Anup Ghoshal'],['Person'],['Singer'],"[[""known for 'Tujhse Naraz Nahi Zindagi'"", 'worked with Satyajit Ray']]",[],[],[],,"['Anup Ghoshal', ""'Tujhse Naraz Nahi Zindagi'"", 'Masoom', 'Satyajit Ray']","['Person', 'Music', 'Film', 'Person']","['Musician', 'Song', 'Movie', 'Director']","[[""known for 'Tujhse Naraz Nahi Zindagi'"", 'died at age 77', 'multi-organ failure', 'versatile singer', 'worked with Satyajit Ray'], [], [], []]","['Anup Ghoshal', 'Anup Ghoshal', 'Anup Ghoshal']","[""'Tujhse Naraz Nahi Zindagi'"", 'Masoom', 'Satyajit Ray']","['Performed', 'Worked in', 'Collaborated with']",,"['Anup Ghoshal', 'Masoom', 'Kolkata', 'Satyajit Ray']","['Person', 'Entertainment', 'Location', 'Person']","['Singer', 'Movie', 'City', 'Director']","["" [mostly known for the 'Tujhse Naraz Nahi Zindagi' song, passed away at age of 77, versatile singing ability]"", '1983 film', nan, nan]","['Anup Ghoshal', 'Anup Ghoshal', 'Anup Ghoshal']","['Masoom', 'Satyajit Ray', 'Kolkata']","['Singer in', 'worked with', 'hospitalized in']",,,,,,,,,,,,,,,
"Matthew Perry died from an accidental ketamine overdose, according to the medical examiner's office. The 'Friends' star had struggled with addiction for years and had been clean for 19 months before his death. Ketamine is a recreational drug known for its numbing & hallucinogenic effects, but it is also used as an anesthetic and in mental health treatments.","['Matthew Perry', 'Friends', ""Medical Examiner's Office""]","['Person', 'Entertainment', 'Organization']","['Actor', 'TV Show', 'Government Agency']","[['Struggled with addiction for years', 'Clean for 19 months before death'], [], [""reported Matthew perry's cause of death as accidental ketamine overdose""]]","['Matthew Perry', 'Matthew Perry']","['Friends', ""Medical Examiner's Office""]","['Starred in', 'Deceased person']",,"['Matthew Perry', 'ketamine', ""medical examiner's office""]","['Person', 'Drug', 'Organization']","['Actor', 'Recreational Drug/Anesthetic/Mental Health Treatment', 'Medical Entity']","[['struggled with addiction for years', 'clean for 19 months before death'], ['numbing effects', 'hallucinogenic effects', 'used as an anesthetic', 'used in mental health treatments'], []]",['Matthew Perry'],['ketamine'],['Accidental Overdose'],,"['Matthew Perry', 'Friends', 'Ketamine', ""medical examiner's office""]","['Person', 'Entertainment', 'Drug', 'organization']","['Actor', 'TV show', '?', 'Medical']","['[died from ketamine overdose, clean for 19 months]', nan, '[used for anesthetic and mental health treatment]', nan]","['Matthew Perry', 'Matthew Perry']","['Friends', 'Ketamine']","['Actor in', 'died due to']",,,,,,,,,,,,,,,
"Aishwarya Rai Bachchan has reportedly moved out of the Bachchan residence, sparking rumors of a troubled marriage. She is said to be focusing on caring for her elderly mother, while her husband Abhishek Bachchan struggles to balance his responsibilities as a son & husband. The rumors started after Rai appeared irritated with Junior B during a Kabbadi match.","['Aishwarya Rai Bachchan', 'Abhishek Bachchan', 'Bachchan residence']","['Person', 'Person', 'Location']","['Actress', 'Actor', 'Residence']","[['focusing on caring for her elderly mother'], ['struggles to balance his responsibilities as a son & husband'], []]","['Aishwarya Rai Bachchan', 'Abhishek Bachchan', 'Aishwarya Rai Bachchan']","['Bachchan residence', 'Bachchan residence', 'Abhishek Bachchan']","['Lived In', 'Lives With/Husband Of', 'Married To']",,"['Aishwarya Rai Bachchan', 'Bachchan residence', 'Abhishek Bachchan', 'Junior Bachchan']","['Person', 'Location', 'Person', 'Person']","['Actress', 'Residence', 'Actor', 'Family Member']","[['elderly mother'], [], ['son', 'husband'], ['appeared irritated']]","['Aishwarya Rai Bachchan', 'Aishwarya Rai Bachchan', 'Aishwarya Rai Bachchan', 'Abhishek Bachchan', 'Abhishek Bachchan']","['Bachchan residence', 'Abhishek Bachchan', 'Junior Bachchan', 'Rai', 'Junior Bachchan']","['Moved out of', 'Husband', 'Irritated by', 'Married to', 'Son']",,"['Aishwarya Rai Bachchan', 'Bachchan residence', 'Abhishek Bachchan', 'Kabbadi']","['Person', 'Location', 'Person', 'Entertainment']","['Actress', 'Residence/Mumbai', 'Actor', 'Sports ']","['reportedly moved out of the Bachchan residence', nan, 'struggles to balance his responsibilities as a son & husband', nan]","['Aishwarya Rai Bachchan', 'Aishwarya Rai Bachchan', 'Abhishek Bachchan', 'Aishwarya Rai Bachchan']","['Abhishek Bachchan', 'Kabbadi match', 'Kabbadi match', 'Bachchan residence']","['Spouse', 'Visited', 'Visited', 'Resident at']",,,,,,,,,,,,,,,
"Actor Shreyas Talpade was admitted to Andheri hospital after experiencing discomfort in his chest. He collapsed on the way to the hospital. Fortunately, he is now out of danger and will be discharged within two to three days. Bobby Deol revealed that Talpade's heart stopped working for 10 minutes before being revived by doctors who performed an angioplasty.","['Shreyas Talpade', 'Bobby Deol', 'Andheri Hospital']","['Person', 'Person', 'Location']","['Actor', 'Actor', 'Hospital']","[['experienced discomfort in chest', 'collapsed on the way to hospital', 'underwent angioplasty'], [""revealed about shreyas talpade's condition""], []]","['Shreyas Talpade', 'Bobby Deol']","['Andheri Hospital', 'Shreyas Talpade']","['Admitted', 'Revealed condition']",,"['Shreyas Talpade', 'Bobby Deol', 'Andheri Hospital']","['Person', 'Person', 'Location']","['Actor', 'Person', 'Hospital']","[['admitted to Andheri hospital', 'collapsed en route to hospital', 'heart stopped for 10 minutes', 'revived by doctors through angioplasty'], [""revealed about Talpade's condition""], []]","['Shreyas Talpade', 'Shreyas Talpade']","['Andheri Hospital', 'Bobby Deol']","['Admitted to', 'Revealed by']",,"['Shreyas Talpade', 'Andheri hospital', 'Bobby Deol']","['Person', 'Location', 'Person']","['Actor', 'Medical/Mumbai', 'Actor']","['admitted to Andheri hospital,discomfort in his chest', nan, ""Talpade's heart stopped working for 10 minutes before being revived by doctors""]",['Shreyas Talpade'],['Andheri hospital'],['admitted to'],,,,,,,,,,,,,,,
"The Delhi Police has changed the investigation officer in the Rashmika Mandanna deepfake case after allegations that the probe team had demanded money from the accused's family. The police had initially detained a man in Bihar but later zeroed in on two persons in Chhattisgarh. However, the family members of the accused complained to the Chhattisgarh police.","['Rashmika Mandanna', 'Delhi Police', 'Bihar', 'Chhattisgarh', ""Accused's Family""]","['Person', 'Organization', 'Location', 'Location', 'Organization']","['Actress', 'Police Department', 'State', 'State', 'Family']","[[], ['changed investigation officer'], [], [], ['complained to chhattisgarh police']]","['Rashmika Mandanna', 'Delhi Police', 'Delhi Police', ""Accused's Family"", 'Delhi Police']","['Delhi Police', 'Bihar', 'Chhattisgarh', 'Delhi Police', ""Accused's Family""]","['Investigation related', 'Initially investigated in', 'Zeroed in on suspects in', 'Complained to', 'Investigating']",,"['Delhi Police', 'Rashmika Mandanna', 'Investigation Officer', 'Bihar', 'Chhattisgarh']","['Organization', 'Person', 'Position', 'Location', 'Location']","['Police Force', 'Accused', 'Role within Organization', 'State', 'State']","[[], ['deepfake case'], [], [], []]","['Delhi Police', 'Delhi Police', 'Investigation Team', 'Investigation Team', 'Investigation Team', 'Family Members']","['Rashmika Mandanna', 'Investigation Officer', ""Rashmika Mandanna's Family"", 'Bihar', 'Two Persons', 'Chhattisgarh Police']","['Allegedly investigated', 'Changed Investigating', 'Demanded money', 'Initially Detained', 'Zeroed In On', 'Complained To']",,"['Delhi', 'Delhi Police', 'Rashmika Mandanna', 'Bihar', 'Chhattisgarh', 'Chhattisgarh Police']","['Location', 'Government Organization', 'Person', 'Location', 'Location', 'Government Organization']","['City', 'Police Department', 'Actress', 'State', 'State', 'Police Department']","[nan, 'changed the investigation officer', nan, nan, nan, nan]","['Rashmika Mandanna', 'Delhi Police', 'Delhi Police']","['Delhi Police', 'Bihar', 'Chhattisgarh']","['deepfake case', 'detained a man in', 'zeroed in two persons in']",,,,,,,,,,,,,,,
"Pallavi Prashanth, the winner of Telugu 'Bigg Boss 7,' has been arrested for creating a ruckus in Hyderabad after his win. Prashanth was charged for damaging vehicles at Annapurna Studios and causing chaos among fans after his victory. Police used force to control the situation and several cases have been filed against Prashanth under nine sections.","['Pallavi Prashanth', 'Hyderabad', 'Annapurna Studios']","['Person', 'Location', 'Organization']","['Reality Show Winner', 'City', 'Film Studio']","[['winner of Bigg Boss 7'], [], []]","['Pallavi Prashanth', 'Pallavi Prashanth']","['Hyderabad', 'Annapurna Studios']","['Arrested in', 'Damaged vehicles at']",,"['Pallavi Prashanth', 'Hyderabad', 'Annapurna Studios', 'Police']","['Person', 'Location', 'Location', 'Organization']","['Reality TV Star', 'City', 'Film Studio', 'Government Agency']","[['winner of Bigg Boss 7', 'arrested for damaging vehicles', 'causing chaos among fans'], [], [], []]","['Pallavi Prashanth', 'Pallavi Prashanth', 'Pallavi Prashanth', 'Police', 'Police']","['Hyderabad', 'Annapurna Studios', 'Fans', 'Pallavi Prashanth', 'Pallavi Prashanth']","['Arrested in', 'Damaged Vehicles At', 'Caused Chaos Amongst', 'Controlled Situation With Force', 'Filed Cases Against Under']",,"['Pallavi Prashanth', ""Telugu 'Bigg Boss 7"", 'Hyderabad', 'Annapurna Studios', 'Police']","['Person', 'Entertainment', 'Location', 'Location', 'Government Organization']","['Actor', 'TV Show', 'City', 'Place', 'Police Department']","[""Telugu 'Bigg Boss 7,' has been arrested"", nan, nan, nan, nan]",['Pallavi Prashanth'],"[""Telugu 'Bigg Boss 7""]",['winner'],,,,,,,,,,,,,,,
"Actor Shreyas Talpade has been discharged from the hospital after suffering a heart attack and undergoing an angioplasty procedure. His wife, Deepti Talpade, expressed gratitude for the support and well wishes. ""My life, Shreyas, is back home,"" she posted on Instagram. The actor was shooting for a film when he experienced discomfort and ultimately collapsed.","['Shreyas Talpade', 'Deepti Talpade', 'Instagram']","['Person', 'Person', 'Platform']","['Actor', 'Wife', 'Social Media Platform']","[['underwent angioplasty procedure', 'experienced discomfort while shooting'], ['expressed gratitude for support and well wishes'], []]","['Shreyas Talpade', 'Deepti Talpade', 'Shreyas Talpade']","['Hospital', 'Shreyas Talpade', 'Instagram']","['Admitted', 'Married To', 'Posted message on']",,"['Shreyas Talpade', 'Deepti Talpade', 'Instagram']","['Person', 'Person', 'Platform']","['Actor', 'Person', 'Social Media']","[['heart attack', 'angioplasty procedure'], ['wife of Shreyas Talpade', 'expresses gratitude'], []]","['Shreyas Talpade', 'Shreyas Talpade', 'Shreyas Talpade', 'Deepti Talpade']","['Deepti Talpade', 'Angioplasty Procedure', 'Heart Attack', 'Instagram']","['Husband', 'Undergone', 'Survived', 'Posted message']",,"['Shreyas Talpade', 'Deepti Talpade']","['Person', 'Person']","['Actor', 'Director']","['discharged from the hospital', 'expressed gratitude for the support and well wishes']",['Shreyas Talpade'],['Deepti Talpade'],['Spouse'],,,,,,,,,,,,,,,
"Taapsee Pannu has revealed that she had to undergo extensive wrestling training for her role in the upcoming film 'Dunki.' ""They said your Punjabi and Hindi is great but you will also have to learn wrestling. So I said, I will finally become a heroine and romance Shah Rukh Khan after doing 5-6 sports movies,?Æ she said. The film is set to release on Dec 21.","['Taapsee Pannu', 'Dunki']","['Person', 'Entertainment']","['Actress', 'Movie']","[['will romance Shah Rukh Khan', 'has done 5-6 sports movies'], ['set to release on Dec 21']]",['Taapsee Pannu'],['Dunki'],['Actress in'],,"['Taapsee Pannu', 'Wrestling', ""'Dunki'""]",[],[],"[[], ['Extensive training'], ['Release Date: December 21']]","['Taapsee Pannu', 'Taapsee Pannu']","['Wrestling', ""'Dunki'""]","['Undertook Training For', 'Role In']",,"['Taapsee Pannu', 'Dunki', 'wrestling', 'Shah Rukh Khan']","['Person', 'Entertainment', 'Entertainment', 'Person']","['Actress', 'Movie', 'Sports ', 'Actor']","[""will romance Shah Rukh Khan', 'has undergone wrestling training"", 'set to release on Dec 21', nan, nan]","['Taapsee Pannu', 'Shah Rukh Khan', 'Taapsee Pannu']","['Dunki', 'Dunki', 'Shah Rukh Khan']","['Actress in', 'Actor in', 'Co-Star']",,,,,,,,,,,,,,,
"Actress Jacqueline Fernandez has filed a court application seeking protection from conman Sukesh Chandrasekhar, whom she accuses of intimidating her by sending troubling letters from jail. Chandrasekhar, the main accused in a money laundering case, has been writing love letters to Fernandez. However, the actress has not responded to his letters.","['Jacqueline Fernandez', 'Sukesh Chandrasekhar']","['Person', 'Person']","['Actress', 'Conman']","[['filed a court application against Sukesh Chandrasekhar'], ['accused of intimidation through letters']]",['Jacqueline Fernandez'],['Sukesh Chandrasekhar'],['Accused of Intimidation by'],,"['Jacqueline Fernandez', 'Sukesh Chandrasekhar', 'court application']","['Person', 'Person', 'Legal Document']","['Actress', 'Conman', 'Protection Request']","[[], [], []]","['Jacqueline Fernandez', 'Jacqueline Fernandez']","['Sukesh Chandrasekhar', 'court application']","['Accused', 'Filled']",,"['Jacqueline Fernandez', 'Sukesh Chandrasekhar']","['Person', 'Person']","['Actress', 'Businessman']","['filed a court application seeking protection', 'main accused in a money laundering case']",['Jacqueline Fernandez'],['Sukesh Chandrasekhar'],['In a relationship'],,,,,,,,,,,,,,,
"Actor Hrithik Roshan wished Arslan Goni, the current partner of his ex-wife Sussanne Khan, a happy birthday on Instagram, addressing him as a brother. Hrithik's girlfriend, Saba Azad, also extended her birthday greetings to Arslan. Despite their divorce, Roshan and Khan maintain a friendly relationship and co-parent their two sons.","['Hrithik Roshan', 'Arslan Goni', 'Sussanne Khan', 'Saba Azad']","['Person', 'Person', 'Person', 'Person']","['Actor', 'Partner', 'Ex-Wife', 'Girlfriend']","[['ex-husband of sussanne khan'], ['current partner of sussanne khan'], [], []]","['Hrithik Roshan', 'Hrithik Roshan', 'Sussanne Khan', 'Sussanne Khan', 'Saba Azad']","['Arslan Goni', 'Sussanne Khan', 'Arslan Goni', 'Hrithik Roshan', 'Arslan Goni']","['Brother-in-law', 'Ex-husband', 'Current Partner', 'Ex-Wife', 'Friend']",,"['Hrithik Roshan', 'Arslan Goni', 'Sussanne Khan', 'Saba Azad', 'Two Sons']",[],[],"[[], ['Current partner of Sussanne Khan'], ['Ex-wife of Hrithik Roshan'], [], ['Co-parented by Hrithik Roshan and Sussanne Khan']]","['Hrithik Roshan', 'Hrithik Roshan', 'Hrithik Roshan', 'Hrithik Roshan']","['Arslan Goni', 'Sussanne Khan', 'Saba Azad', 'Two Sons']","['Brother/Partner', 'Ex-spouse', 'Girlfriend', 'Co-parent']",,"['Hrithik Roshan', 'Arslan Goni', 'Sussanne Khan', 'Saba Azad']","['Person', 'Person', 'Person', 'Person']","['Actor', 'Actor', 'interior designer', 'Actress']","['Wished Arslan Goni a happy birthday on Instagram', 'Current partner of Sussanne Khan', nan, 'Girlfriend of Hrithik Roshan']","['Hrithik Roshan', 'Hrithik Roshan', 'Arslan Goni']","['Sussanne Khan', 'Saba Azad', 'Sussanne Khan']","['Ex-wife', 'In a relationship', 'In a relationship']",,,,,,,,,,,,,,,
"Bollywood superstar Salman Khan was seen attending his brother Sohail Khan's birthday party in Mumbai on Tuesday. As they were leaving the venue, paparazzi and fans surrounded their car, causing 'Bajrangi Bhaijaan,' who was accompanied by his mother Salma Khan, to lose his cool. He scolded the photographers and asked them to clear the way.","['Salman Khan', 'Sohail Khan', 'Mumbai', 'Bajrangi Bhaijaan', 'Salma Khan']","['Person', 'Person', 'Location', 'Person', 'Person']","['Actor', 'Actor', 'City', 'Actor', 'Actor']","[['Bollywood Superstar', 'lost his cool'], ['Brother of Salman Khan'], [], ['Accompanied by mother'], ['Mother of Salman Khan']]","['Salman Khan', 'Salman Khan', 'Salman Khan', 'Salman Khan', 'Bajrangi Bhaijaan']","['Sohail Khan', 'Bajrangi Bhaijaan', 'Mumbai', 'Salma Khan', 'Salma Khan']","['Brother', 'Same Person', 'Located In', 'Parent', 'Child']",,"['Salman Khan', 'Sohail Khan', 'Mumbai', 'Bajrangi Bhaijaan', 'Salma Khan']",[],[],"[[""Attended Brother's Birthday Party in Mumbai""], [], [], [], ['Spouse of Salman Khan']]","['Salman Khan', 'Salman Khan', 'Salman Khan', 'Salman Khan']","['Sohail Khan', 'Bajrangi Bhaijaan', 'Salma Khan', 'Mumbai']","['Brother', 'Starred In', 'Spouse', 'Attended Birthday Party Location']",,"['Salman Khan', 'Bollywood', 'Sohail Khan', 'Mumbai', 'Bajrangi Bhaijaan']","['Person', 'Entertainment', 'Person', 'Location', 'Entertainment']","['Actor', 'Film Industry', 'Actor', 'City', 'Movie']","['Bollywood superstar, attended birthday party', nan, 'birthday party in Mumbai', nan, nan]","['Salman Khan', 'Salman Khan']","['Sohail Khan', 'Bajrangi Bhaijaan']","['Brother', 'Actor in']",,,,,,,,,,,,,,,
"Jacqueline Fernandez's lawyer, Prashant Patil revealed details of the plea in the ?200 crore extortion case. According to Patil, Fernandez moved an application against Sukesh Chandrashekhar's repeated letters to her, claiming that they were an ""attempt to outrage the modesty of a woman."" Patil also alleged that all the accused had not been treated equally.","['Jacqueline Fernandez', 'Sukesh Chandrasekhar', 'Prashant Patil']","['Person', 'Person', 'Person']","['Actress', 'Businessman', 'Lawyer']","[['moved an application against Sukesh Chandrasekhar'], ['extortion case'], ['revealed details of the plea']]","['Jacqueline Fernandez', 'Prashant Patil']","['Sukesh Chandrasekhar', 'Jacqueline Fernandez']","['Victim', 'Lawyer of']",,"['Jacqueline Fernandez', 'Prashant Patil', '?200 crore extortion case', 'Sukesh Chandrashekhar']","['Person', 'Person', 'Crime', 'Person']","['Actress', 'Lawyer', 'Case', 'Accused']","[[], [], [], []]","['Prashant Patil', 'Jacqueline Fernandez', 'Jacqueline Fernandez']","['Jacqueline Fernandez', '?200 crore extortion case', 'Sukesh Chandrashekhar']","['Revealed by', 'Involved in', 'Applicant against']",,"['Jacqueline Fernandez', 'Prashant Patil', 'Sukesh Chandrashekhar']","['Person', 'Person', 'Person']","['Actress', 'Lawyer', 'Businessman']","['?200 crore extortion case', ""Jacqueline Fernandez's lawyer"", '?200 crore extortion case']","['Jacqueline Fernandez', 'Jacqueline Fernandez']","['Prashant Patil', 'Sukesh Chandrashekhar']","['Lawyer', 'In a relationship']",,,,,,,,,,,,,,,
"The Delhi Police has identified four suspects involved in the deepfake video case of actress Rashmika Mandanna. However, the suspects are said to be the uploaders of the video rather than the creators. The police are still searching for the main conspirator behind the video. Mandanna expressed her concern and fear regarding the spread of such content.","['Rashmika Mandanna', 'Delhi Police', 'four suspects']","['Person', 'Organization', 'Person']","['Actress', 'Police Department', 'Suspects']","[['concerned about deepfake video'], [], []]","['Rashmika Mandanna', 'Delhi Police']","['Delhi Police', 'four suspects']","['Involved in investigation', 'Identified']",,"['Delhi Police', 'Rashmika Mandanna', 'four suspects', 'conspirator']","['Organization', 'Person', 'Person', 'Person']","['Police Department', 'Actress', 'Individuals', 'Main perpetrator']","[[], ['Involved in deepfake video case'], ['Identified by Delhi Police', 'Allegedly uploaded the video'], ['Behind the deepfake video']]","['Delhi Police', 'four suspects', 'Rashmika Mandanna']","['four suspects', 'Rashmika Mandanna', 'conspirator']","['Investigating', 'Subject of investigation', 'Impacted/Victimized']",,"['Delhi', 'Delhi Police', 'Rashmika Mandanna']","['Location', 'Government Organization', 'Person']","['City', 'Police Department', 'Actress']","[nan, 'identified four suspects involved in the deepfake video case', 'expressed her concern and fear regarding the spread of such content']",[nan],['nan'],[nan],,,,,,,,,,,,,,,
"Actor Robert Pattinson and Suki Waterhouse are reportedly engaged and expecting their first child. The couple appeared to confirm the pregnancy last month when Waterhouse showcased her baby bump on stage. They were recently spotted in London, with Waterhouse wearing a large diamond ring on her wedding finger. The couple has been together since 2018.","['Robert Pattinson', 'Suki Waterhouse', 'London']","['Person', 'Person', 'Location']","['Actor', 'Person', 'City']","[['Engaged', 'Expecting first child'], ['Engaged', 'Expecting first child'], []]","['Robert Pattinson', 'Suki Waterhouse', 'Robert Pattinson']","['Suki Waterhouse', 'London', 'London']","['Fianc?©', 'Currently resides in', 'Recently Spotted in']",,"['Robert Pattinson', 'Suki Waterhouse', 'first child', 'London', 'diamond ring']","['Person', 'Person', 'Event', 'Location', 'Object']","['Actor', 'Model/Actress', 'Baby', 'City', 'Jewelry']","[[], [], [], [], []]","['Robert Pattinson', 'Suki Waterhouse', 'Robert Pattinson', 'Suki Waterhouse']","['Suki Waterhouse', 'first child', 'London', 'diamond ring']","['Engaged', 'Expecting', 'Spotted', 'Wearing']",,"['Robert Pattinson', 'Suki Waterhouse', 'London']","['Person', 'Person', 'Location']","['Actor', 'Actress', 'City']","['engaged and expecting their first child', 'wearing a large diamond ring on her wedding finger', nan]",['Robert Pattinson'],['Suki Waterhouse'],['In a relationship'],,,,,,,,,,,,,,,
"Bollywood is set for an exciting clash between two highly anticipated movies, 'Dunki' and 'Salaar'. While Shah Rukh Khan's film will hit theaters on Dec 21, Prabhas-starrer is set to release on Dec 22. In a recent interview, 'Salaar' actor P Sukumara expressed his excitement for the festive season and the opportunity to watch both films on their opening day.","['Shah Rukh Khan', 'Dunki', 'Prabhas', 'Salaar', 'December']","['Person', 'Entertainment', 'Person', 'Entertainment', 'Date']","['Actor', 'Movie', 'Actor', 'Movie', 'Month']","[[], ['Dec 21 release'], [], ['Dec 22 release'], []]","['Shah Rukh Khan', 'Prabhas', 'Dunki', 'Salaar', 'Sukumar']","['Dunki', 'Salaar', 'December', 'December', 'Salaar']","['Starring in', 'Starring in', 'Release month', 'Release month', 'Actor in']",,"['Bollywood', 'Dunki', 'Shah Rukh Khan', ""'Salaar'"", 'Prabhas', 'P Sukumara']","['Industry', 'Movie', 'Person', 'Movie', 'Person', 'Person']","['Film Industry', 'Film', 'Actor', 'Film', 'Actor', 'Actor']","[[], ['releasing on December 21'], [], ['releasing on December 22'], [], ['expressed excitement for festive season', 'opportunity to watch both films on opening day']]","['Bollywood', 'Bollywood', 'Shah Rukh Khan', 'Prabhas', 'P Sukumara']","['Dunki', ""'Salaar'"", 'Dunki', ""'Salaar'"", ""'Salaar'""]","['Production', 'Production', 'Star', 'Star', 'Actor']",,"['Bollywood', 'Dunki', 'Salaar', ""Shah Rukh Khan'"", 'Prabhas', 'P Sukumara']","['Entertainment', 'Entertainment', 'Entertainment', 'Person', 'Person', 'Person']","['Film Industry', 'Movie', 'Movie', 'Actor', 'Actor', 'Actor']","['set for an exciting clash between two highly anticipated movies', 'film will hit theaters on Dec 21', 'release on Dec 22', nan, nan, 'excitement for the festive season and the opportunity to watch both films on their opening day']","[""Shah Rukh Khan'"", 'Prabhas', 'P Sukumara', 'Dunki']","['Dunki', 'Salaar', 'Salaar', 'Salaar']","['Actor in', 'Actor in', 'Actor in', 'Competing with']",,,,,,,,,,,,,,,
"Rumors are circulating that Anushka Sharma and Virat Kohli are expecting their second child. While the couple has not confirmed the news, Sharma's recent Instagram post featuring a pregnancy test kit advertisement has led many to believe that she is indirectly confirming her pregnancy. One user wrote, ""That means you??re again pregnant confirm.""","['Anushka Sharma', 'Virat Kohli', 'Instagram', 'User']","['Person', 'Person', 'Platform', 'Person']","['Actress', 'Cricketer', 'Social Media Platform', 'Internet User']","[['Rumored to be pregnant with second child'], [], [], ['wrote comment confirming rumor']]","['Anushka Sharma', 'Anushka Sharma', 'User']","['Instagram', 'User', 'Anushka Sharma']","['Uses', 'Interacted with', 'Commented on post']",,"['Anushka Sharma', 'Virat Kohli', 'second child']","['Person', 'Person', 'Event']","['Actress', 'Cricket Player', 'Baby']","[[], [], []]",['Anushka Sharma'],['second child'],['Expecting'],,"['Anushka Sharma', 'Virat Kohli']","['Person', 'Person']","['Actress', 'Cricketer']","['expecting their second child', nan]",['Anushka Sharma'],['Virat Kohli'],['Spouse'],,,,,,,,,,,,,,,
"Superstar Aamir Khan and first wife Reena Dutta's daughter Ira Khan is all set to get married to her longtime beau Nupur Shikhare on January 13 in Mumbai. Meanwhile, Ithe couple's wedding invitation has surfaced online. The message on the card read, ""It gives us great pleasure to invite you to celebrate the marriage of our children Ira & Nupur.""","['Aamir Khan', 'Reena Dutta', 'Ira Khan', 'Nupur Shikhare', 'January 13']","['Person', 'Person', 'Person', 'Person', 'Date']","['Actor', 'Ex-wife', 'Daughter', 'Groom', 'Wedding Date']","[[], [], [], [], []]","['Aamir Khan', 'Reena Dutta', 'Ira Khan', 'Ira Khan']","['Ira Khan', 'Ira Khan', 'Nupur Shikhare', 'January 13']","['Father', 'Mother', 'Bridegroom', 'Getting Married On']",,"['Aamir Khan', 'Reena Dutta', 'Ira Khan', 'Nupur Shikhare', 'January 13', 'Mumbai']","['Person', 'Person', 'Person', 'Person', 'Date', 'Location']","['Actor', 'Person', 'Daughter', 'Beau/Partner', 'Event Date', 'City']","[[], [], ['first child of Aamir Khan and Reena Dutta'], [], [], []]","['Aamir Khan', 'Ira Khan', 'Ira Khan', 'Invitation Card', 'Invitation Card']","['Ira Khan', 'Nupur Shikhare', 'Nupur Shikhare', 'Ira Khan', 'Nupur Shikhare']","['Father', 'To Be Married To', 'Children Of', 'Invites For Wedding', 'Invites For Wedding']",,"['Aamir Khan', 'Reena Dutta', 'Ira Khan', 'Nupur Shikhare', 'Mumbai', datetime.datetime(2024, 1, 13, 0, 0)]","['Person', 'Person', 'Person', 'Person', 'Location', 'Date']","['Actor', 'Person', 'Child', 'Person', 'City', 'Date']","['invite you to celebrate the marriage of our children Ira & Nupur', 'Aamir Khan and first wife', 'Ira Khan is all set to get married', nan, nan, nan]","['Reena Dutta', 'Ira Khan', 'Ira Khan']","['Aamir Khan', 'Aamir Khan', 'Nupur Shikhare']","['Ex-wife', 'Daughter of', 'Spouse']",,,,,,,,,,,,,,,
"Actor Siddhant Karnick, who appeared in 'Animal', defended director Sandeep Reddy Vanga against criticism and highlighted the struggles Vanga has faced. Karnick revealed that Vanga's family sold their ancestral land to fund his first film and his brother left his IT job in the US to support him. Karnick emphasized the dedication of Vanga and his family.","['Siddhant Karnick', 'Sandeep Reddy Vanga']","['Person', 'Person']","['Actor', 'Director']","[[], ['struggles', 'family sold ancestral land', 'brother left IT job in US to support']]",['Siddhant Karnick'],['Sandeep Reddy Vanga'],['Defended'],,"['Siddhant Karnick', ""'Animal'"", 'Sandeep Reddy Vanga', 'ancestral land', 'brother']","['Person', 'Film', 'Person', 'Property', 'Family Member']","['Actor', 'Movie', 'Director', 'Real Estate', 'Relative']","[[], [], [], [""sold by Vanga's family""], ['left IT job in the US']]","['Siddhant Karnick', 'Siddhant Karnick', 'Sandeep Reddy Vanga', 'Sandeep Reddy Vanga']","['Sandeep Reddy Vanga', ""'Animal'"", 'ancestral land', 'brother']","['Defender', 'Appeared in', 'Owner', 'Supportive Family Member']",,"['Siddhant Karnick', 'Animal', 'Sandeep Reddy Vanga']","['Person', 'Entertainment', 'Person']","['Actor', 'Movie', 'Director']","['defended director Sandeep Reddy Vanga against criticism', nan, ""Vanga's family sold their ancestral land to fund his first film""]","['Siddhant Karnick', 'Sandeep Reddy Vanga']","['Animal', 'Animal']","['Actor in', 'Director of']",,,,,,,,,,,,,,,
"Late legendary actor Rishi Kapoor, in his autobiography ?´Khullam Khulla??, recalled his meeting with the infamous gangster Dawood Ibrahim. ?¨Bhai had invited him and his friends to his Dubai home for tea through a stranger when they were at a concert.?Æ After the meeting the don had extended monetary help to Kapoor, however, he had declined the offer.","['Rishi Kapoor', 'Dawood Ibrahim']","['Person', 'Person']","['Actor', 'Gangster']","[['legendary actor', 'met dawood ibrahim'], []]",['Rishi Kapoor'],['Dawood Ibrahim'],['Met'],,"['Rishi Kapoor', 'Dawood Ibrahim', 'Dubai', 'tea']","['Person', 'Person', 'Location', 'Event']","['Actor', 'Gangster', 'City', 'Social Event']","[[], [], [], []]","['Rishi Kapoor', 'Dawood Ibrahim', 'Dawood Ibrahim', 'Rishi Kapoor']","['Dawood Ibrahim', 'Rishi Kapoor', 'Rishi Kapoor', 'declined financial assistance']","['Met', 'Invited for tea', 'Offered financial assistance', 'Declined Offer']",,"['Rishi Kapoor', 'Khullam Khulla', 'Dawood Ibrahim', 'Dubai']","['Person', 'Entertainment', 'Person', 'Location']","['Actor', 'Book', 'Don', 'City']","['Late legendary actor', ""Rishi Kapoor's autobiography"", 'infamous gangster', nan]","['Rishi Kapoor', 'Rishi Kapoor']","['Khullam Khulla', 'Dubai']","['Autobiography', 'Visited']",,,,,,,,,,,,,,,
"Ananya Panday recently shared a video of herself reciting a poem from her childhood. Sharing the video, the 'Liger' actress wrote, ""Enthu cutlet from day 1."" The video instantly went viral, with fans flooding the comments section. Panday is gearing up for the release of her next film 'Kho Gaye Hum Kahan'. The movie will be released on Netflix on Dec 26.","['Ananya Panday', 'Liger', 'Netflix']","['Person', 'Entertainment', 'Organization']","['Actress', 'Movie', 'Streaming Platform']","[['Recited childhood poem', ""Upcoming movie 'Kho Gaye Hum Kahan'"", 'Release Date December 26'], [], []]","['Ananya Panday', 'Ananya Panday', 'Ananya Panday']","['Liger', 'Kho Gaye Hum Kahan', 'Netflix']","['Actress in', 'Actress in', 'Will be released on']",,"['Ananya Panday', ""'Liger'"", 'Poem', 'Netflix', 'December 26']","['Person', 'Film', 'Work of Art', 'Company', 'Date']","['Actress', 'Movie', 'Literature', 'Streaming Service', 'Event Date']","[['Recited a poem from childhood', 'Shares Enthu cutlet from day 1'], [], ['recited by Ananya Panday'], ['movie release platform'], [""Release date of 'Kho Gaye Hum Kahan'""]]","['Ananya Panday', 'Ananya Panday', ""'Liger'"", 'Ananya Panday', 'Netflix']","['Poem', ""'Liger'"", 'Netflix', 'Netflix', 'December 26']","['Recited', 'Actress in', 'Distribution Platform', 'Upcoming Film Release', 'Release Date']",,"['Ananya Panday', 'Liger', 'Kho Gaye Hum Kahan', datetime.datetime(2024, 12, 26, 0, 0), 'Netflix']","['Person', 'Entertainment', 'Entertainment', 'Date', 'Entertainment']","['Actress', 'Movie', 'Movie', 'Date', 'OTT Platform ']","['shared a video of herself reciting a poem from her childhood', nan, 'movie will be released on Netflix on Dec 26', nan, nan]","['Ananya Panday', 'Ananya Panday', 'Kho Gaye Hum Kahan']","['Liger', 'Kho Gaye Hum Kahan', 'Netflix']","['Actress in', 'Actress in', 'Released on']",,,,,,,,,,,,,,,
"Ranbir Kapoor-starrer 'Animal' has crossed the ?500 crore mark in India in just 17 days since its release. The action drama has been performing exceptionally well at the box office, with its collection increasing over the weekend. The film is now on its way to reaching the ?1,000-crore mark globally despite receiving mixed reviews from the audience.","['Ranbir Kapoor', 'Animal']","['Person', 'Entertainment']","['Actor', 'Movie']","[[], ['has crossed 500 crores in India', 'performing exceptionally well at the box office', 'on its way to reach 1000 crores globally']]",['Ranbir Kapoor'],['Animal'],['Starred in'],,"['Ranbir Kapoor', 'Animal', 'India']","['Person', 'Film', 'Country']","['Actor', 'Action Drama', 'Geographical Location']","[None, {'box office success': 'crossed 500 crores in 17 days', 'global reach goal': 'reaching 1000 crores'}, None]","['Animal', 'Animal']","['Ranbir Kapoor', 'India']","['Starring', 'Box Office Performance In India']",,"['Ranbir Kapoor', 'Animal', 'India']","['Person', 'Entertainment', 'Location']","['Actor', 'Movie', 'ountry']","[nan, 'crossed the ?500 crore mark in India in just 17 days since its release,  now on its way to reaching the ?1,000-crore ', nan]",['Ranbir Kapoor'],['Animal'],['Actor in'],,,,,,,,,,,,,,,
"Actor Varun Dhawan has suffered a leg injury while filming for his upcoming project 'VD18'. The actor shared a picture on Instagram showing his swollen leg with red marks. Fans are concerned about his recovery and await further updates on his condition. He shared the picture with the caption, ""Swollen shin banged it into an iron rod.""",['Varun Dhawan'],['Person'],['Actor'],[['leg injury']],[],[],[],,"['Varun Dhawan', ""'VD18'""]","['Person', 'Project']","['Actor', 'Film']","[['leg injury', 'swollen leg', 'red marks'], []]","['Varun Dhawan', 'Varun Dhawan']","[""'VD18'"", 'Instagram']","['Injured during shooting', 'Shared photo']",,"['Varun Dhawan', 'VD18']","['Person', 'Entertainment']","['Actor', 'Movie']","['suffered a leg injury while filming', 'upcoming project']",['Varun Dhawan'],['VD18'],['Actor in'],,,,,,,,,,,,,,,
"Munawar Faruqui and his ex-girlfriend Ayesha Khan, a contestant on 'Bigg Boss 17', have been making headlines due to their confrontation on the show. Khan accused Faruqui of talking about their relationship & being involved with other women while claiming to love her. This conversation left Faruqui in tears, expressing his remorse for breaking Khan's heart.","['Munawar Faruqui', 'Ayesha Khan', 'Bigg Boss 17']","['Person', 'Person', 'Reality Show']","['Comedian', 'Contestant', 'Television Programme']","[['accused of talking about relationship', ""expressed remorse for breaking girlfriend's heart""], ['claimed Faruqui talked about relationship', 'confronted him on Bigg Boss 17'], []]","['Munawar Faruqui', 'Ayesha Khan', 'Munawar Faruqui', 'Ayesha Khan']","['Ayesha Khan', 'Munawar Faruqui', 'Bigg Boss 17', 'Bigg Boss 17']","['Ex-boyfriend/girlfriend', 'Ex-boyfriend/girlfriend', 'Participant', 'Contestant']",,"['Munawar Faruqui', 'Ayesha Khan', ""'Bigg Boss 17'""]","['Person', 'Person', 'TV Show']","['Contestant', 'Contestant', 'Reality TV Show']","[[], [], []]","['Munawar Faruqui', 'Ayesha Khan', 'Munawar Faruqui']","['Ayesha Khan', ""'Bigg Boss 17'"", ""'Bigg Boss 17'""]","['Ex-Girlfriend', 'Participant', 'Participant']",,"['Munawar Faruqui', 'Ayesha Khan', 'Bigg Boss 17']","['Person', 'Person', 'Entertainment']","['stand-up comedian', 'Actress', 'TV Show']","[""tears, expressing his remorse for breaking Khan's heart"", 'Khan accused Faruqui', nan]","['Munawar Faruqui', 'Munawar Faruqui', 'Ayesha Khan']","['Ayesha Khan', 'Bigg Boss 17', 'Bigg Boss 17']","['ex-girlfriend', 'contestant in', 'contestant in']",,,,,,,,,,,,,,,
Shah Rukh Khan responded to fans who mimicked his famous line 'I love you KKK Kiran?ñ' from 'Darr' by demonstrating the correct way to say it. The actor was in Dubai on Sunday for the promotion of his upcoming film 'Dunki'. Khan also admitted feeling awkward when watching his films & said that his children have started critiquing his appearance in movies.,"['Shah Rukh Khan', 'Darr', 'Dubai', 'Fans']","['Person', 'Entertainment', 'Location', 'Organization']","['Actor', 'Film', 'City', 'Group']","[['responded to fans mimicking line from Darr', 'promoting upcoming film Dunki', 'feels awkward watching own films', 'children critique his appearance in movies'], [], [], [""mimicked SRK's line from Darr""]]","['Shah Rukh Khan', 'Shah Rukh Khan', 'Shah Rukh Khan', 'Fans']","['Darr', 'Dubai', 'Fans', 'Shah Rukh Khan']","['Starred in', 'Traveled to', 'Responded to', 'Mimicked']",,"['Shah Rukh Khan', 'KKK Kiran ?ñ', 'Dunki', 'Dubai']","['Person', 'Title', 'Title', 'Location']","['Actor', 'Film', 'Film', 'City']","[[], [""famous line 'I love you'""], ['Upcoming release'], [""Event venue for 'Dunki' promotion""]]","['Shah Rukh Khan', 'Shah Rukh Khan', 'Shah Rukh Khan']","['KKK Kiran ?ñ', 'Dunki', 'Dubai']","['Associated with (line)', 'Promotion Attendance', 'Location Visit']",,"['Shah Rukh Khan', 'Darr', 'Kiran', 'Dubai', 'Dunki']","['Person', 'Entertainment', 'Person', 'Location', 'Entertainment']","['Actor', 'Movie', 'Person', 'City', 'Movie']","['responded to fans who mimicked his famous line', nan, nan, 'Visited in Dubai on Sunday for the promotion', 'upcoming film']","['Shah Rukh Khan', 'Shah Rukh Khan', 'Shah Rukh Khan']","['Darr', 'Dunki', 'Dubai']","['Actor in', 'Actor in', 'Visited']",,,,,,,,,,,,,,,
"Veteran Bollywood actress Tanuja was admitted to a hospital in New Delhi on Sunday evening for age-related issues. The 80-year-old actress is in the ICU and is under observation. However, there is no need to worry as she is doing well. Tanuja, who has worked in Hindi and Bengali films, is the daughter of actress Shobhna Samarth and producer Kumarsen Samarth.","['Tanuja', 'Shobhna Samarth', 'Kumarsen Samarth', 'New Delhi']","['Person', 'Person', 'Person', 'Location']","['Actress', 'Actress', 'Producer', 'City']","[['daughter of Shobhna Samarth and Kumarsen Samarth', 'admitted to hospital for age related issues', 'currently in ICU'], [], [], []]","['Tanuja', 'Tanuja']","['Hospital', 'New Delhi']","['Admitted to', 'Currently located in']",,"['Tanuja', 'New Delhi', 'Shobhna Samarth', 'Kumarsen Samarth']","['Person', 'Location', 'Person', 'Person']","['Actress', 'City', 'Actress', 'Producer']","[['Veteran Bollywood actress', 'Age-related issues', 'ICU patient', 'Daughter of Shobhna Samarth and Kumarsen Samarth', 'Worked in Hindi and Bengali films'], [], [], []]","['Tanuja', 'Tanuja', 'Tanuja']","['New Delhi', 'Shobhna Samarth', 'Kumarsen Samarth']","['Admitted', 'Daughter', 'Daughter']",,"['Tanuja', 'Delhi', 'Shobhna Samarth', 'Kumarsen Samarth', 'Bollywood']","['Person', 'Location', 'Person', 'Person', 'Entertainment']","['Actress', 'City', 'Actress', 'producer', 'Film Industry']","['80-year-old actress is in the ICU and is under observation', 'admitted to a hospital in New Delhi', nan, nan, nan]","['Tanuja', 'Tanuja', 'Shobhna Samarth']","['Shobhna Samarth', 'Kumarsen Samarth', 'Kumarsen Samarth']","['daughter of', 'daughter of', 'Spouse']",,,,,,,,,,,,,,,
"Vin Diesel has been accused of sexually assaulting his assistant over a decade ago in an Atlanta hotel room, according to a lawsuit. The lawsuit seeks unspecified damages against Diesel, his sister Samantha Vincent, and their companies. The assistant, Asta Jonasson, alleges that Diesel assaulted her, groped her breasts, and forced her to touch him.","['Vin Diesel', 'Asta Jonasson', 'Atlanta', 'Hotel Room', 'Lawsuit']","['Person', 'Person', 'Location', 'Location', 'Event']","['Actor', 'Assistant', 'City', 'Room', 'Legal Proceedings']","[['accused of sexual assault'], [], [], [], ['seeks unspecified damages against Diesel, his sister Samantha Vincent, and their companies']]","['Vin Diesel', 'Asta Jonasson', 'Vin Diesel']","['Asta Jonasson', 'Hotel Room', 'Lawsuit']","['Accused of Sexually Assaulting', 'Incident occurred in', 'Subject of']",,"['Vin Diesel', 'Samantha Vincent', 'Asta Jonasson', 'Atlanta']","['Person', 'Person', 'Person', 'Location']","['Actor', 'Individual', 'Assistant', 'City']","[[], [], [], []]","['Vin Diesel', 'Asta Jonasson', 'Vin Diesel', 'Samantha Vincent', 'Vin Diesel']","['Asta Jonasson', 'Vin Diesel', 'Samantha Vincent', 'Vin Diesel', 'Atlanta']","['Accused by', 'Allegedly assaulted by', 'Partner', 'Partner', 'Stayed in']",,"['Vin Diesel', 'Atlanta', 'Samantha Vincent', 'Asta Jonasson']","['Person', 'Location', 'Person', 'Person']","['Actor', 'City', 'Person', 'Person']","['accused of sexually assaulting his assistant', nan, nan, 'alleges that Diesel assaulted her']","['Samantha Vincent', 'Asta Jonasson']","['Vin Diesel', 'Vin Diesel']","['sister', 'assistant']",,,,,,,,,,,,,,,
"Shah Rukh Khan-starrer 'Dunki' opened in cinemas with much fanfare but had a slow start in terms of footfall. Early estimates suggest it may earn around ?30 cr on its opening day. The film faced competition from Prashanth Neel's 'Salaar,' which was released simultaneously. Industry experts predict that 'Dunki' may struggle to attract audiences in the South.","['Shah Rukh Khan', 'Dunki', 'Prashanth Neel', 'Salaar']","['Person', 'Entertainment', 'Person', 'Entertainment']","['Actor', 'Movie', 'Director', 'Movie']","[[], ['slow start', 'may earn around?30cr on opening day'], [], []]","['Shah Rukh Khan', 'Prashanth Neel']","['Dunki', 'Salaar']","['Starred in', 'Directed']",,"['Shah Rukh Khan', ""'Dunki'"", 'Prashanth Neel', ""'Salaar'""]","['Person', 'Film', 'Person', 'Film']","['Actor', 'Movie', 'Director', 'Movie']","[[], ['opened in cinemas', 'early estimate of?30 cr on opening day'], [], ['released simultaneously']]","['Shah Rukh Khan', ""'Dunki'"", 'Prashanth Neel', ""'Salaar'""]","[""'Dunki'"", 'India', ""'Salaar'"", 'India']","['Starring', 'Released In', 'Directed', 'Released Simultaneously With']",,"['Shah Rukh Khan', 'Dunki', 'Prashanth Neel', 'Salaar', 'South']","['Person', 'Entertainment', 'Person', 'Entertainment', 'Location/Direction ']","['Actor', 'Movie', 'Director', 'Movie', '?']","['opened in cinemas with much fanfare but had a slow start in terms of footfall', nan, nan, nan, nan]","['Shah Rukh Khan', 'Prashanth Neel', 'Dunki']","['Dunki', 'Salaar', 'Salaar']","['Actor in ', 'Director of', 'Competing with']",,,,,,,,,,,,,,,
"""Dunki"" starring Shah Rukh Khan is getting mixed reviews from the audiences. The film collected over ?15 crore in advance bookings. However, the reviews from cinema-goers were divided, with some calling it a masterpiece and others terming it as an average flick. Hashtags like #DunkiReview and #SRK'sDisasterDonkey were trending on social media.","['Shah Rukh Khan', 'Dunki', '#DunkiReview', ""#SRK'sDisasterDonkey""]","['Person', 'Entertainment', 'Hashtag', 'Hashtag']","['Actor', 'Movie', 'Tag', 'Tag']","[['Star of Dunki'], ['Collected over ‚Ç?15 crore in advance bookings'], [], []]","['Shah Rukh Khan', 'Dunki', 'Dunki']","['Dunki', '#DunkiReview', ""#SRK'sDisasterDonkey""]","['Stars In', 'Associated With', 'Associated With']",,"['Dunki', 'Shah Rukh Khan', 'Advance Bookings', '#DunkiReview', '#SRKsDisasterDonkey']",[],[],"[None, [], ['over?15 crore'], [], []]","['Dunki', 'Dunki', '#DunkiReview', '#SRKsDisasterDonkey']","['Shah Rukh Khan', 'AdvanceBookings', 'Dunki', 'Dunki']","['StarredIn', 'ReceivedFrom', 'GeneratedByUsers', 'GeneratedByUsers']",,"['Dunki', 'Shah Rukh Khan']","['Entertainment', 'Person']","['Movie', 'Actor']","['getting mixed reviews from the audiences, with some calling it a masterpiece and others terming it as an average flick', nan]",['Shah Rukh Khan'],['Dunki'],['Actor in'],,,,,,,,,,,,,,,
Director-writer couple Greta Gerwig and Noah Baumbach have tied the knot in a private ceremony at City Hall in New York. Gerwig and Baumbach have been together for over a decade and recently worked on the film 'Barbie' together. They have a four-year-old son and welcomed their second child earlier this year. The couple has collaborated on several films.,"['Greta Gerwig', 'Noah Baumbach', 'City Hall', 'New York']","['Person', 'Person', 'Location', 'Location']","['Director-Writer', 'Director-Writer', 'Building', 'City']","[['Married to Noah Baumbach', 'Decade long relationship', 'Recently worked on Barbie', 'Two children'], ['Married to Greta Gerwig', 'Decade long relationship', 'Recently worked on Barbie', 'Two children'], ['Private Ceremony venue'], []]","['Greta Gerwig', 'Greta Gerwig', 'Noah Baumbach', 'Greta Gerwig', 'Noah Baumbach']","['Noah Baumbach', 'City Hall', 'City Hall', 'New York', 'New York']","['Married', 'Got married at', 'Got married at', 'Marriage Location is in', 'Marriage Location is in']",,"['Greta Gerwig', 'Noah Baumbach', 'City Hall', 'New York', ""'Barbie'""]","['Person', 'Person', 'Location', 'Location', 'Film']","['Director/Writer', 'Director/Writer', 'Building', 'State', 'Entertainment']","[['tied the knot with Noah Baumbach', 'four-year-old son', 'second child'], ['tied the knot with Greta Gerwig', 'four-year-old son', 'second child'], [], [], ['collaborated by Greta Gerwig and Noah Baumbach']]","['Greta Gerwig', 'Greta Gerwig', 'Greta Gerwig', 'Greta Gerwig', 'Noah Baumbach', 'Greta Gerwig', 'Noah Baumbach']","['Noah Baumbach', ""'Barbie'"", 'City Hall', 'New York', ""'Barbie'"", 'Noah Baumbach', 'New York']","['Married', 'Worked on', 'Had wedding at', 'Located in', 'Worked on', 'Partner', 'Located in']",,"['Greta Gerwig', 'Noah Baumbach', 'New York', 'Barbie']","['Person', 'Person', 'Location', 'Entertainment']","['Actress', 'Director', 'City', 'Movie']","['tied the knot in a private ceremony', 'tied the knot in a private ceremony', nan, nan]","['Greta Gerwig', 'Greta Gerwig']","['Noah Baumbach', 'Barbie']","['In a relationship', 'Director of']",,,,,,,,,,,,,,,
"Hollywood star Cameron Diaz and musician Benji Madden have been married for eight years. The 'Charlie's Angels' actress recently expressed the need to ""normalise separate bedrooms"" for married couples, stating that she enjoys having her own space. This comment was made during a podcast conversation when one of the hosts mentioned her husband's snoring.","['Cameron Diaz', 'Benji Madden', ""Charlie's Angels""]","['Person', 'Person', 'Entertainment']","['Actress', 'Musician', 'Movie franchise']","[['married for 8 years'], [], []]","['Cameron Diaz', 'Cameron Diaz']","['Benji Madden', ""Charlie's Angels""]","['Married to', 'Starred in']",,"['Cameron Diaz', 'Benji Madden', 'Podcast']",[],[],"[['Married to Benji Madden for 8 years', ""Starred in Charlie's Angels""], ['Married to Cameron Diaz for 8 years'], []]","['Cameron Diaz', 'Cameron Diaz', 'Benji Madden']","['Benji Madden', 'Podcast', 'Podcast']","['Husband', 'Participant', 'Participant']",,"['Hollywood', 'Cameron Diaz', 'Benji Madden', ""Charlie's Angels""]","['Entertainment', 'Person', 'Person', 'Entertainment']","['Film Industry', 'Actress', 'musician', 'Movie']","[nan, 'she enjoys having her own space', 'married for eight years', nan]","['Cameron Diaz', 'Cameron Diaz']","['Benji Madden', ""Charlie's Angels""]","['Spouse', 'Actress in']",,,,,,,,,,,,,,,
"The Madras HC has imposed a ?1 lakh fine on Tamil actor Mansoor Ali Khan for filing a defamation case against actress Trisha Krishnan, BJP leader Khushbu, and Telugu actor Chiranjeevi. Khan had filed the case after they criticised him for making sexist comments. The court deemed the defamation suit unnecessary and said that the actors' reactions were normal.","['Madras High Court', 'Mansoor Ali Khan', 'Trisha Krishnan', 'BJP', 'Khushbu', 'Chiranjeevi']","['Organization', 'Person', 'Person', 'Organization', 'Person', 'Person']","['Court', 'Actor', 'Actress', 'Political Party', 'Actor and Politician', 'Actor']","[[], ['fined ‚Ç?1 lakh'], [], [], [], []]","['Mansoor Ali Khan', 'Trisha Krishnan', 'BJP', 'Khushbu', 'Chiranjeevi']","['Madras High Court', 'Mansoor Ali Khan', 'Mansoor Ali Khan', 'Mansoor Ali Khan', 'Mansoor Ali Khan']","['Fined by', 'Defamed', 'Defamed', 'Defamed', 'Defamed']",,"['Madras High Court (HC)', 'Mansoor Ali Khan', 'Trisha Krishnan', 'BJP Leader Khushbu', 'Chiranjeevi']","['Organization', 'Person', 'Person', 'Person', 'Person']","['Legal Body', 'Actor', 'Actress', 'Politician', 'Actor']","[[], ['Filled defamation case', 'made sexist comments'], ['criticized by Khan'], ['criticized by Khan'], ['criticized by Khan']]","['Mansoor Ali Khan', 'Mansoor Ali Khan', 'Mansoor Ali Khan', 'Mansoor Ali Khan']","['Madras High Court (HC)', 'Trisha Krishnan', 'BJP Leader Khushbu', 'Chiranjeevi']","['Imposed Fine On', 'Defamed By', 'Defamed By', 'Defamed By']",,"['Madras HC', 'Mansoor Ali Khan', 'Trisha Krishnan', 'Tamil', 'Khushbu', 'Chiranjeevi', 'Telugu']","['Government Organization', 'Person', 'Person', 'Language', 'Person', 'Person', 'Language']","[nan, 'Actor', 'Actress', 'Language', 'Person', 'Actor', 'Language']","[""court deemed the defamation suit unnecessary and said that the actors' reactions were normal."", 'imposed a ?1 lakh fine', nan, nan, nan, nan, nan]",['Madras HC'],['Mansoor Ali Khan'],['imposed fine '],,,,,,,,,,,,,,,
"Jacqueline Fernandez has sought protection from conman Sukesh Chandrashekhar, who is involved in a money laundering case. The EOW supported Fernandez's application, stating that Chandrashekhar's letters to the media were harassing and threatening her. Chandrashekhar has now issued a letter suggesting that he will reveal unseen evidence to expose Fernandez.","['Jacqueline Fernandez', 'Sukesh Chandrasekhar']","['Person', 'Person']","['Actress', 'Conman']","[['EOW supported application against Sukesh Chandrasekhar'], ['Involved in Money Laundering Case']]",['Jacqueline Fernandez'],['Sukesh Chandrasekhar'],['Seek Protection From'],,"['Jacqueline Fernandez', 'Sukesh Chandrashekhar', 'EOW (Enforcement Directorate)']","['Person', 'Person', 'Organization']","['Actress', 'Conman', 'Government Agency']","[[], ['money laundering case'], []]","['Jacqueline Fernandez', 'Sukesh Chandrashekhar', 'EOW', 'Sukesh Chandrashekhar']","['Sukesh Chandrashekhar', 'Jacqueline Fernandez', 'Jacqueline Fernandez', 'Media']","['Seeking Protection From', 'Accused Of', 'Supported Application Against', 'Harassing And Threatening']",,"['Jacqueline Fernandez', 'Sukesh Chandrashekhar']","['Person', 'Person']","['Actress', 'Businessman']","['sought protection from conman Sukesh Chandrashekhar', 'involved in a money laundering case']",['Jacqueline Fernandez'],['Sukesh Chandrashekhar'],['In a relationship'],,,,,,,,,,,,,,,
"Salaar' starring Prabhas, and Prithviraj Sukumaran, and directed by Prashanth Neel. The review states that the power-packed performances of the actors live up to the hype. The action scenes are well-choreographed and Prabhas delivers a standout performance. The bromance between Prabhas and Sukumaran is enjoyable to watch.","['Prabhas', 'Prithviraj Sukumaran', 'Prashanth Neel', 'Salaar']","['Person', 'Person', 'Person', 'Entertainment']","['Actor', 'Actor', 'Director', 'Movie']","[['power packed performance', 'standout performance'], [], [], []]","['Prabhas', 'Prithviraj Sukumaran', 'Prabhas', 'Prashanth Neel']","['Salaar', 'Salaar', 'Prithviraj Sukumaran', 'Salaar']","['Starred in', 'Starred in', 'Bromance', 'Directed']",,"['Salaar', 'Prabhas', 'Prithviraj Sukumaran', 'Prashanth Neel']","['Film', 'Person', 'Person', 'Person']","['Movie', 'Actor', 'Actor', 'Director']","[[], ['standout performance'], ['bromance with Prabhas'], []]","['Salaar', 'Salaar', 'Salaar']","['Prabhas', 'Prithviraj Sukumaran', 'Prashanth Neel']","['Starred', 'Starred', 'Directed by']",,"['Salaar', 'Prabhas', 'Prithviraj Sukumaran', 'Prashanth Neel']","['Entertainment', 'Person', 'Person', 'Person']","['Movie', 'Actor', 'Actor', 'Director']","['power-packed performances of the actors live up to the hype', 'delivers a standout performance', nan, nan]","['Prabhas', 'Prithviraj Sukumaran', 'Prashanth Neel']","['Salaar', 'Salaar', 'Salaar']","['Actor in', 'Actor in', 'Director of']",,,,,,,,,,,,,,,
"Malayalam movie '2018: Everyone is a Hero', India's official entry to the Best Foreign Language Film category, is out of the Oscars race. The movie directed by Jude Anthany Joseph, is based on the unprecedented rains and flood that hit Kerala in 2018. A documentary 'To Kill A Tiger', based on the Jharkhand gangrape case has been shortlisted.","['2018: Everyone is a Hero', 'Jude Anthany Joseph', 'Kerala', 'To Kill A Tiger']","['Entertainment', 'Person', 'Location', 'Entertainment']","['Movie', 'Director', 'State', 'Documentary']","[['Official Entry to Oscars', 'Director: Jude Anthany Joseph', 'Based on Kerala Floods'], [], ['Unprecedented Rains and Floods in 2018'], ['Shortlisted for Oscars']]","['2018: Everyone is a Hero', 'Jude Anthany Joseph', '2018: Everyone is a Hero', 'Kerala', '2018: Everyone is a Hero']","['Jude Anthany Joseph', '2018: Everyone is a Hero', 'Kerala', '2018: Everyone is a Hero', 'To Kill A Tiger']","['Director', 'Director', 'Set in', 'Setting', 'Competed against']",,"[""Malayalam movie '2018: Everyone is a Hero'"", 'Jude Anthany Joseph', ""'To Kill A Tiger'""]","['Film', 'Person', 'Documentary']","['Indian Movie', 'Director', 'Media Content']","[[""India's official entry to the Best Foreign Language Film category"", 'based on the unprecedented rains and flood that hit Kerala in 2018'], [], ['based on the Jharkhand gangrape case']]","[""Malayalam movie '2018: Everyone is a Hero'"", ""'To Kill A Tiger'""]","['Jude Anthany Joseph', 'ShortlistedFor']","['DirectedBy', 'SelectedIn']",,"['Malayalam movie ', '2018: Everyone is a Hero', 'India', 'Jude Anthany Joseph', 'Kerala', 'To Kill A Tiger', 'Jharkhand', 'Oscars']","['Entertainment', 'Entertainment', 'Location', 'Person', 'Location', 'Entertainment', 'Location', 'Event']","['Film Industry', 'Movie', 'Country', 'Director', 'State', 'Movie', 'State', nan]","[nan, 'is out of the Oscars race', nan, 'based on the unprecedented rains and flood that hit Kerala in 2018', nan, 'shortlisted for Oscars', nan, nan]","['Jude Anthany Joseph', 'To Kill A Tiger']","['2018: Everyone is a Hero', 'Oscars']","['Director of', 'Shortlisted']",,,,,,,,,,,,,,,
"Famous TV actress Priyanka Chahar Choudhary has been admitted to the hospital, raising concerns among her fans. A distressing photo of Choudhary with a drip in her hand has surfaced on social media, prompting her co-star Kamal Dadilla to express concern. Fans are anxiously awaiting updates on Choudhary's health and hope for her quick recovery.","['Priyanka Chahar Choudhary', 'Fans', 'Kamal Dadilla']","['Person', 'Group', 'Person']","['TV Actress', 'Audience', 'Actor']","[['admitted to hospital'], [""awaiting updates on choudhary's health"", 'hoping for quick recovery'], ['expressed concern']]","['Priyanka Chahar Choudhary', 'Priyanka Chahar Choudhary', 'Kamal Dadilla']","['Fans', 'Kamal Dadilla', 'Fans']","['Beloved by', 'Co-star', 'Shared concern']",,"['Priyanka Chahar Choudhary', 'Kamal Dadilla', 'fans']","['Person', 'Person', 'Group']","['Actress', 'Actor', 'Supporters']","[['Hospitalized', 'drip in hand'], ['co-star', ""concerned about Priyanka's health""], ['awaiting updates', 'hopeful for recovery']]","['Priyanka Chahar Choudhary', 'Priyanka Chahar Choudhary']","['Kamal Dadilla', 'fans']","['Co-star', 'Concerned by']",,"['Priyanka Chahar Choudhary', 'Kamal Dadilla']","['Person', 'Person']","['Actress', 'Actress']","['admitted to the hospital', nan]",['Priyanka Chahar Choudhary'],['Kamal Dadilla'],['Co-Star'],,,,,,,,,,,,,,,
"Following the success of 'Jawan' & 'Pathaan', Shah Rukh Khan is back on the silver screen with 'Dunki'. Khan, in an interview, shared his perspective on the film industry??s tendency to overanalyse films. He believes that films should be entertainment-oriented. ""I don??t think 'Jawan' or 'Pathaan' were mass cinema, they were just entertaining films,"" he added.","['Shah Rukh Khan', 'Jawan', 'Pathaan']","['Person', 'Entertainment', 'Entertainment']","['Actor', 'Movie', 'Movie']","[['Successful movies Jawan, Pathaan'], [], []]","['Shah Rukh Khan', 'Shah Rukh Khan']","['Jawan', 'Pathaan']","['Starred in', 'Starred in']",,"['Shah Rukh Khan', 'Jawan', 'Pathaan', 'Dunki']","['Person', 'Film', 'Film', 'Film']","['Actor', 'Movie', 'Movie', 'Movie']","[[], ['successful'], ['successful'], []]","['Shah Rukh Khan', 'Shah Rukh Khan', 'Shah Rukh Khan']","['Jawan', 'Pathaan', 'Dunki']","['Starred In', 'Starred In', 'Upcoming Film']",,"['Jawan', 'Pathaan', 'Shah Rukh Khan', 'Dunki']","['Entertainment', 'Entertainment', 'Person', 'Entertainment']","['Movie', 'Movie', 'Actor', 'Movie']","[nan, nan, ""films should be entertainment-oriented. I don??t think 'Jawan' or 'Pathaan' were mass cinema, they were just entertaining films"", 'upcoming film']","['Shah Rukh Khan', 'Shah Rukh Khan', 'Shah Rukh Khan']","['Jawan', 'Pathaan', 'Dunki']","['Actor in', 'Actor in', 'Actor in']",,,,,,,,,,,,,,,
"Priyanka Chopra, who was last seen in 'Citadel', has shared a set of happy pictures on her Instagram profile on Saturday. The first click features the two smiling with all their hearts as they pose together. She shared another click with Morgan Stewart McGraw. There are also photos of her holiday dinner with family and with her daughter Malti Marie.","['Priyanka Chopra', 'Morgan Stewart McGraw', 'Family', 'Daughter Malti Marie']","['Person', 'Person', 'Organization', 'Person']","['Actress', 'Friend', 'Family', 'Child']","[['last seen in Citadel'], [], [], []]","['Priyanka Chopra', 'Priyanka Chopra', 'Priyanka Chopra']","['Morgan Stewart McGraw', 'Family', 'Daughter Malti Marie']","['friend', 'member', 'mother']",,"['Priyanka Chopra', ""'Citadel'"", 'Instagram', 'Morgan Stewart McGraw', 'Malti Marie', 'holiday dinner']",[],[],"[[], [], [], [], [], []]","['Priyanka Chopra', 'Priyanka Chopra', 'Priyanka Chopra', 'Priyanka Chopra', 'Priyanka Chopra']","[""'Citadel'"", 'Instagram', 'Morgan Stewart McGraw', 'Malti Marie', 'holiday dinner']","['Starred In', 'Posted On', 'Shared Photo With', 'Shown With', 'Attended']",,"['Priyanka Chopra', 'Citadel', 'Morgan Stewart McGraw', 'Malti Marie']","['Person', 'Entertainment', 'Person', 'Person']","['Actress', 'Movie', 'Actress', 'Child']","['shared a set of happy pictures on her Instagram', nan, nan, nan]","['Priyanka Chopra', 'Malti Marie']","['Citadel', 'Priyanka Chopra']","['Actress in', 'Daughter of']",,,,,,,,,,,,,,,
"The movie 'Dunki', directed by Rajkumar Hirani and starring Shah Rukh Khan, Taapsee Pannu & Boman Irani, has received mixed reviews and a lackluster box office performance. In just two days, it has earned a total of ?49.20 crore across all languages. However, its collection on the second day dropped to ?20 crore, possibly due to competition from 'Salaar'.","['Rajkumar Hirani', 'Shah Rukh Khan', 'Taapsee Pannu', 'Boman Irani', 'Dunki']","['Person', 'Person', 'Person', 'Person', 'Entertainment']","['Director', 'Actor', 'Actor', 'Actor', 'Movie']","[[], [], [], [], ['earned?49.20 crore in 2 days', 'directed by Rajkumar Hirani', 'stars Shah Rukh Khan, Taapsee Pannu & Boman Irani']]","['Rajkumar Hirani', 'Shah Rukh Khan', 'Taapsee Pannu', 'Boman Irani']","['Dunki', 'Dunki', 'Dunki', 'Dunki']","['Director', 'Star', 'Star', 'Star']",,"['Dunki', 'Rajkumar Hirani', 'Shah Rukh Khan', 'Taapsee Pannu', 'Boman Irani', 'Salaar']","['Film', 'Person', 'Person', 'Person', 'Person', 'Film']","['Movie', 'Director', 'Actor', 'Actress', 'Actor', 'Movie']","[[], [], [], [], [], []]","['Dunki', 'Dunki', 'Dunki', 'Dunki', 'Dunki']","['Rajkumar Hirani', 'Shah Rukh Khan', 'Taapsee Pannu', 'Boman Irani', 'Salaar']","['DirectedBy', 'StarredAs', 'StarredAs', 'StarredAs', 'CompetitionWithOnSecondDay']",,"['Dunki', 'Rajkumar Hirani', 'Shah Rukh Khan', 'Taapsee Pannu', 'Boman Irani', 'Salaar']","['Entertainment', 'Person', 'Person', 'Person', 'Person', 'Entertainment']","['Movie', 'Director', 'Actor', 'Actress', 'Actor', 'Movie']","['mixed reviews, earned a total of ?49.20 crore across all languages. second day dropped to ?20 crore', nan, nan, nan, nan, nan]","['Rajkumar Hirani', 'Shah Rukh Khan', 'Taapsee Pannu', 'Boman Irani', 'Dunki']","['Dunki', 'Dunki', 'Dunki', 'Dunki', 'Salaar']","['Director of', 'Actor in', 'Actress in', 'Actor in', 'Competing with']",,,,,,,,,,,,,,,
"Prabhas-starrer 'Salaar: Part 1 - Ceasefire' has been performing exceptionally well at the box office, approaching the milestone of ?150 crores in India. Following its impressive opening at the ticket window, the film recorded a remarkable ?55 crore on its second day, bringing the total earnings to ?145.70 crore. The film is set to be released in two parts.","['Prabhas', 'Salaar: Part 1 - Ceasefire']","['Person', 'Entertainment']","['Actor', 'Movie']","[[], ['approaching the milestone of?150 crores in India']]",['Prabhas'],['Salaar: Part 1 - Ceasefire'],['Starred in'],,"['Salaar', 'Prabhas', 'India']","['Film', 'Person', 'Country']","['Movie', 'Actor', 'Geographical Location']","[['nearly reached?150 crores milestone', 'impressive opening', '$55 crore on second day', 'current total earnings $145.70 crore', 'released in two parts'], [], []]","['Salaar', 'Salaar']","['Prabhas', 'India']","['Starring', 'Box Office Performance']",,"['Prabhas', 'Salaar: Part 1 - Ceasefire', 'India']","['Person', 'Entertainment', 'Location']","['Actor', 'Movie', 'Country']","[nan, 'approaching the milestone of ?150 crores in India. film is set to be released in two parts', nan]",['Prabhas'],['Salaar: Part 1 - Ceasefire'],['Actor in'],,,,,,,,,,,,,,,
"The biographical drama '12th Fail,' directed by Vidhu Vinod Chopra & starring Vikrant Massey, is set to release on OTT platform Disney+ Hotstar on Dec 29. The movie tells the inspiring true story of IPS officer Manoj Kumar Sharma and highlights the complexities of the education system in India. The film was well-received by critics and audiences in theaters.","['Vidhu Vinod Chopra', 'Vikrant Massey', 'Disney+Hotstar', 'Manoj Kumar Sharma']","['Person', 'Person', 'Organization', 'Person']","['Director', 'Actor', 'OTT Platform', 'IPS Officer']","[[], [], ['Dec 29 release'], ['true story']]","['Vidhu Vinod Chopra', 'Vikrant Massey', '12th Fail']","['12th Fail', '12th Fail', 'Disney+Hotstar']","['Director', 'Starred In', 'To Release On']",,"['12th Fail', 'Vikrant Massey', 'IPS officer Manoj Kumar Sharma']","['Film', 'Person', 'Person']","['Biographical Drama', 'Actor', 'Subject of Film']","[['directed by Vidhu Vinod Chopra', 'starring Vikrant Massey', 'released on Disney+ Hotstar on December 29', 'tells the inspiring true story of IPS officer Manoj Kumar Sharma', 'highlights the complexities of the education system in India', 'well-received by critics and audiences in theaters'], [], []]","['12th Fail', '12th Fail']","['Vikrant Massey', 'IPS officer Manoj Kumar Sharma']","['Stars', 'Inspired Story']",,"['12th Fail', 'Vidhu Vinod Chopra', 'Vikrant Massey', 'Disney+ Hotstar', 'Manoj Kumar Sharma', 'India', 'Dec 29.']","['Entertainment', 'Person', 'Person', 'Entertainment', 'Person', 'Location', 'Date']","['Movie', 'Director', 'Actor', 'OTT Platform', 'IPS officer', 'Country', 'Date']","['release on OTT platform Disney+ Hotstar on Dec 29', nan, nan, nan, nan, nan, nan]","['Vidhu Vinod Chopra', 'Vikrant Massey', '12th Fail']","['12th Fail', '12th Fail', 'Disney+ Hotstar']","['Director of', 'Actor in', 'Released on']",,,,,,,,,,,,,,,
"Actress Parineeti Chopra and husband Raghav Chadha are excited to celebrate their first Christmas together as a married couple in London. On Sunday, Chopra took to Instagram to share a cute photo of them, calling her politician husband her 'Santa for life'. The couple looks happy and in love in the picture, giving off winter-style goals.","['Parineeti Chopra', 'Raghav Chadha', 'London']","['Person', 'Actress', 'Person', 'Politician', 'Location', 'City']",[],"[['first Christmas together as a married couple', 'husband Raghav Chadha'], ['husband of Parineeti Chopra'], []]","['Parineeti Chopra', 'Parineeti Chopra']","['Raghav Chadha', 'London']","['Husband-wife', 'Currently residing in']",,"['Parineeti Chopra', 'Raghav Chadha', 'London']","['Person', 'Person', 'Location']","['Actress', 'Politician', 'City']","[['first Christmas in London', 'husband called Santa for life'], [], []]","['Parineeti Chopra', 'Parineeti Chopra']","['Raghav Chadha', 'London']","['Husband', 'Married in']",,"['Parineeti Chopra', 'Raghav Chadha', 'London']","['Person', 'Person', 'Location']","['Actress', 'politician‚Ä†', 'City']","[""share a cute photo of them, calling her politician husband her 'Santa for life"", nan, nan]","['Parineeti Chopra', 'Parineeti Chopra', 'Raghav Chadha']","['Raghav Chadha', 'London', 'London']","['Spouse', 'Visited', 'Visited']",,,,,,,,,,,,,,,
"Arbaaz Khan is getting married for the second time. He is set to tie the knot with makeup artist Shura Khan in an intimate nikah ceremony held at his sister's house. On Sunday, Khan arrived in casual attire at Arpita Khan Sharma's house. Later, Khan's son, Arhaan Khan, was also spotted at the venue. However, Malaika is not going to be a part of the wedding.","['Arbaaz Khan', 'Shura Khan', 'Arpita Khan Sharma', 'Arhaan Khan']","['Person', 'Person', 'Person', 'Person']","['Actor', 'Makeup Artist', 'Actor', 'Actor']","[['getting married for the second time'], [], [], []]","['Arbaaz Khan', 'Arbaaz Khan', 'Arbaaz Khan', 'Arbaaz Khan']","['Shura Khan', 'Arpita Khan Sharma', 'Arhaan Khan', 'Arpita Khan Sharma']","['Getting Married To', 'Brother', 'Father', ""Set to marry at sister's house""]",,"['Arbaaz Khan', 'Shura Khan', 'Arpita Khan Sharma', 'Arhaan Khan', 'Malaika']","['Person', 'Person', 'Person', 'Person', 'Person']","['Actor', 'Makeup Artist', 'Family Member', 'Child', None]","[[], [], [], [], ['not going to be a part of the wedding']]","['Arbaaz Khan', 'Arbaaz Khan', 'Arbaaz Khan', 'Arbaaz Khan']","['Shura Khan', 'Arpita Khan Sharma', 'Arhaan Khan', 'Malaika']","['Married To', 'Attending Nikah Ceremony At', 'Son Of', 'Not Participating In Wedding With']",,"['Arbaaz Khan', 'Shura Khan', 'Arpita Khan Sharma', 'Arhaan Khan', 'Malaika']","['Person', 'Person', 'Person', 'Person', 'Person']","['Actor', 'makeup artist', 'Person', 'Person', 'Actress']","['getting married for the second time', nan, nan, nan, nan]","['Arbaaz Khan', 'Arpita Khan Sharma', 'Arhaan Khan', 'Arbaaz Khan']","['Shura Khan', 'Arbaaz Khan', 'Arbaaz Khan', 'Malaika']","['In a relationship', 'sister of', 'Son of', 'Ex-wife']",,,,,,,,,,,,,,,
"The sports drama 'Lal Salaam,' featuring Rajinikanth in a special appearance, has been postponed & will not have a Pongal 2024 release as expected. Director Aishwarya Rajinikanth's comeback film is undergoing lengthy post-production works. While an official release date has not been confirmed, there are rumors that the film might be released on Jan 26, 2024.","['Rajinikanth', 'Aishwarya Rajinikanth', 'Lal Salaam']","['Person', 'Person', 'Entertainment']","['Actor', 'Director', 'Movie']","[['special appearance in Lal Salaam'], ['directing comeback film Lal Salaam'], ['postponed release', 'undergoing post production works', 'rumored release date January 26, 2024']]","['Rajinikanth', 'Aishwarya Rajinikanth']","['Lal Salaam', 'Lal Salaam']","['Special Appearance', 'Director']",,"['Rajinikanth', 'Lal Salaam', 'Jan 26, 2024']","['Person', 'Film', 'Date']","['Actor', 'Drama', 'Release Date']","[['special appearance in Lal Salam'], [], []]","['Rajinikanth', 'Lal Salaam']","['Lal Salaam', 'Jan 26, 2024']","['Special Appearance', 'Possible Release Date']",,"['Lal Salaam', 'Rajinikanth', 'Aishwarya Rajinikanth', datetime.datetime(2024, 1, 26, 0, 0), 'Pongal']","['Entertainment', 'Person', 'Person', 'Date', 'Culture/Event']","['Movie', 'Actor', 'Director', 'Date', 'Festival']","['official release date has not been confirmed', 'special appearance', nan, nan, nan]","['Aishwarya Rajinikanth', 'Aishwarya Rajinikanth']","['Lal Salaam', 'Rajinikanth']","['Director of', 'Daughter of']",,,,,,,,,,,,,,,
"Bollywood actor Anil Kapoor celebrates his 67th birthday, with his daughter Sonam Kapoor sharing unseen photos of him with his family. The 'Neerja' star described him as the best husband, father, and grandfather, while younger daughter Rhea Kapoor thanked him for making her fearless. Anil Kapoor has had a successful year with projects such as 'Animal.'","['Anil Kapoor', 'Sonam Kapoor', 'Rhea Kapoor']","['Person', 'Person', 'Person']","['Actor', 'Actor', 'Producer']","[['Best husband', 'Best father', 'Best grandfather', 'Successful year with projects such as Animal'], ['Shares unseen photos'], ['Thanks him for making me fearless']]","['Anil Kapoor', 'Anil Kapoor']","['Sonam Kapoor', 'Rhea Kapoor']","['Father', 'Father']",,"['Anil Kapoor', 'Sonam Kapoor', 'Rhea Kapoor']","['Person', 'Person', 'Person']","['Actor', 'Actress', 'Individual']","[['Birthday 67', 'Best husband', 'Best father', 'Best grandfather', 'Project Animal'], ['Shared unseen photos'], ['Thankful for making her fearless']]","['Anil Kapoor', 'Anil Kapoor', 'Anil Kapoor']","['Sonam Kapoor', 'Rhea Kapoor', 'Family']","['Husband', 'Daughter', 'Member']",,"['Bollywood', 'Anil Kapoor', 'Sonam Kapoor', 'Neerja', 'Rhea Kapoor', 'Animal']","['Entertainment', 'Person', 'Person', 'Entertainment', 'Person', 'Entertainment']","['Film Industry', 'Actor', 'Actress', 'Movie', 'Person', 'Movie']","[nan, 'celebrates his 67th birthday, with his daughter Sonam Kapoor', nan, nan, nan, nan]","['Sonam Kapoor', 'Rhea Kapoor', 'Sonam Kapoor', 'Anil Kapoor']","['Anil Kapoor', 'Anil Kapoor', 'Neerja', 'Animal']","['Daughter of', 'Daughter of', 'Actress in', 'Actor in']",,,,,,,,,,,,,,,
"Actor Arbaaz Khan and Shura Khan got married on Sunday, December 24 in a private nikah ceremony, and a photo of them with Malaika Arora and Arbaaz's son Arhaan is out on Instagram. Shura wore an orange lehenga from Sabyasachi and Arbaaz wore a floral bandhgala. Arbaaz was previously married to Malaika Arora and dated Giorgia Andriani before marrying Shura.","['Arbaaz Khan', 'Shura Khan', 'Malaika Arora', 'Arhaan', 'December 24', 'Orange Lehenga', 'Floral Bandhgala']","['Person', 'Person', 'Person', 'Person', 'Date', 'Clothing', 'Clothing']","['Actor', 'Unknown', 'Actor', 'Child', 'Date', 'Clothing', 'Clothing']","[['previously married to Malaika Arora', 'dated Giorgia Andriani'], ['married Arbaaz Khan on Dec 24'], [], [], [], ['worn by Shura'], ['worn by Arbaaz']]","['Arbaaz Khan', 'Arbaaz Khan', 'Arbaaz Khan', 'Shura Khan', 'Shura Khan', 'Arbaaz Khan', 'Shura Khan', 'Arbaaz Khan', 'Shura Khan']","['Shura Khan', 'Malaika Arora', 'Giorgia Andriani', 'Arbaaz Khan', 'Arhaan', 'Instagram', 'Instagram', 'Orange Lehenga', 'Floral Bandhgala']","['Married', 'Ex wife', 'Dated', 'Married', 'Step Mother', 'Posted Photo', 'Posted Photo', 'Wore', 'Wore']",,"['Arbaaz Khan', 'Shura Khan', 'Malaika Arora', 'Arhaan', 'Giorgia Andriani', 'Sabyasachi']",[],[],"[['Married Malaika Arora', 'son Arhaan', 'formerly married to Malaika Arora', 'dated Giorgia Andriani'], [], ['Previously Married To Arbaaz Khan', 'currently married to Shura Khan', 'shared photos with husband and son'], ['Son of Arbaaz Khan and Malaika Arora'], ['Dated by Arbaaz Khan'], ['clothing worn by Shura Khan']]","['Arbaaz Khan', 'Arbaaz Khan', 'Arbaaz Khan', 'Shura Khan', 'Shura Khan', 'Malaika Arora']","['Shura Khan', 'Malaika Arora', 'Arhaan', 'Malaika Arora', 'Sabyasachi', 'Arhaan']","['Husband', 'Formerly Married To', 'Father', 'Currently Married To', 'Clothes Designed By', 'Shared Photo With Son']",,"['Arbaaz Khan', 'Shura Khan', 'Malaika Arora', 'Arhaan', 'Giorgia Andriani']","['Person', 'Person', 'Person', 'Person', 'Person']","['Actor', 'makeup artist', 'Actress', 'Person', 'Actor']","['got married on Sunday, December 24. previously married to Malaika Arora and dated Giorgia Andriani before marrying Shura.', 'got married on Sunday, December 24', nan, nan, nan]","['Arbaaz Khan', 'Arbaaz Khan', 'Arbaaz Khan', 'Arbaaz Khan']","['Shura Khan', 'Malaika Arora', 'Arhaan', 'Giorgia Andriani']","['Spouse', 'Ex-wife', 'Son of', 'ex-girlfriend']",,,,,,,,,,,,,,,
"Arbaaz Khan and Sshura Khan tied the knot in a low-key nikah ceremony on Sunday attended by the entire family, including Salman Khan. Inside videos from the wedding have revealed Salman Khan dancing to his song ""Tere Mast Mast Do Nain"" with Arbaaz's son Arhaan Khan and others grooving along. The couple celebrated the occasion by cutting a four-tiered cake.","['Arbaaz Khan', 'Sshura Khan', 'Salman Khan', 'Arhaan Khan', 'Four-tiered cake']","['Person', 'Person', 'Person', 'Person', 'Object']","['Actor', 'Person', 'Actor', 'Child', 'Food item']","[['married Sshura Khan'], [], ['attended wedding'], [], ['cut during wedding celebration']]","['Arbaaz Khan', 'Salman Khan', 'Arbaaz Khan', 'Arbaaz Khan']","['Sshura Khan', 'Arbaaz Khan', 'Arhaan Khan', 'Four-tiered cake']","['Married', 'Attended wedding', 'Father', 'Cut during wedding celebration']",,"['Arbaaz Khan', 'Shilpa Shetty', 'Salman Khan', 'Arhaan Khan', 'four-tiered cake']","['Person', 'Person', 'Person', 'Person', 'Object']","['Actor', 'Actress', 'Actor', 'Child', 'EventItem']","[[], [], [], [], ['cut during celebration']]","['Arbaaz Khan', 'Arbaaz Khan', 'Arbaaz Khan', 'Salman Khan', 'Salman Khan']","['Shilpa Shetty', 'Salman Khan', 'Arhaan Khan', 'Arbaaz Khan', 'Arhaan Khan']","['Married', 'Attended Nikkah Ceremony', 'Son', 'Attended Nikkah Ceremony', 'Participated in Dance']",,"['Arbaaz Khan', 'Shura Khan', 'Salman Khan', 'Arhaan Khan']","['Person', 'Person', 'Person', 'Person']","['Actor', 'makeup artist', 'Actor', 'Person']","['tied the knot in a low-key nikah ceremony on Sunday', 'tied the knot in a low-key nikah ceremony on Sunday', 'dancing to his song ""Tere Mast Mast Do Nain"" with Arbaaz\'s son Arhaan', nan]","['Arbaaz Khan', 'Arbaaz Khan', 'Arbaaz Khan']","['Shura Khan', 'Salman Khan', 'Arhaan Khan']","['Spouse', 'Brother of', 'Son of']",,,,,,,,,,,,,,,
"Actress Deepika Padukone on Monday shared a new poster for her upcoming film ""Fighter,"" which is set to release on January 25, 2024. The film's official teaser has also been well-received, showcasing an action-packed drama featuring Padukone, Hrithik Roshan, and Anil Kapoor. ""Fighter"" is being produced by Viacom18 Studios and Marflix Pictures.","['Deepika Padukone', 'Hrithik Roshan', 'Anil Kapoor', 'Viacom18 Studios', 'Marflix Pictures']","['Person', 'Person', 'Person', 'Organization', 'Organization']","['Actress', 'Actor', 'Actor', 'Production Company', 'Production Company']","[['Upcoming Film Fighter', 'Release Date January 25, 2024'], [], [], [], []]","['Deepika Padukone', 'Hrithik Roshan', 'Anil Kapoor', 'Viacom18 Studios', 'Marflix Pictures']","['Fighter', 'Fighter', 'Fighter', 'Fighter', 'Fighter']","['Starring In', 'Starring In', 'Starring In', 'Produced By', 'Produced By']",,"['Deepika Padukone', 'Fighter', 'Hrithik Roshan', 'Anil Kapoor', 'Viacom18 Studios', 'Marflix Pictures']","['Person', 'Film', 'Person', 'Person', 'Organization', 'Organization']","['Actress', 'Action Movie', 'Actor', 'Actor', 'Production Company', 'Production Company']","[[], ['January 25, 2024'], [], [], [], []]","['Deepika Padukone', 'Fighter', 'Fighter']","['Fighter', 'Viacom18 Studios', 'Marflix Pictures']","['Starring', 'Produced By', 'Co-produced With']",,"['Deepika Padukone', 'Fighter', datetime.datetime(2024, 1, 25, 0, 0), 'Hrithik Roshan', 'Anil Kapoor']","['Person', 'Entertainment', 'Date', 'Person', 'Person']","['Actress', 'Movie', 'Date', 'Actor', 'Actor']","['new poster for her upcoming film is set to release on January 25, 2024', 'produced by Viacom18 Studios and Marflix Pictures', nan, nan, nan]","['Deepika Padukone', 'Hrithik Roshan', 'Anil Kapoor', 'Deepika Padukone', 'Deepika Padukone', 'Hrithik Roshan']","['Fighter', 'Fighter', 'Fighter', 'Hrithik Roshan', 'Anil Kapoor', 'Anil Kapoor']","['Actress in', 'Actor in', 'Actor in', 'Co-Star', 'Co-Star', 'Co-Star']",,,,,,,,,,,,,,,
"Saif Ali Khan and his mother, Sharmila Tagore, will appear on the talk show 'Koffee with Karan'. When asked about Khan's college days, Tagore revealed that he didn't go to university and instead went out with an air hostess. Johar also asked Saif about the qualities Kareena has rubbed off on him, to which Khan responded with embarrassment.","['Saif Ali Khan', 'Sharmila Tagore', 'Air Hostess', 'Kareena Kapoor']","['Person', 'Person', 'Person', 'Person']","['Actor', 'Actor', 'Profession', 'Actor']","[[""didn't go to University""], [], [], []]","['Saif Ali Khan', 'Sharmila Tagore', 'Saif Ali Khan', 'Saif Ali Khan']","['Sharmila Tagore', 'Saif Ali Khan', 'Air Hostess', 'Kareena Kapoor']","['mother', 'parent', 'went out with', 'married to']",,"['Saif Ali Khan', 'Sharmila Tagore', 'Koffee with Karan']","['Person', 'Person', 'Event']","['Actor', 'Film Personality', 'Talk Show']","[[], ['Mother of Saif Ali Khan'], ['Host(s)', 'Guest(s)']]","['Saif Ali Khan', 'Sharmila Tagore']","['Koffee with Karan', 'Saif Ali Khan']","['Participant', 'Mother']",,"['Saif Ali Khan', 'Sharmila Tagore', 'Koffee with Karan', 'Johar', 'Kareena']","['Person', 'Person', 'Entertainment', 'Person', 'Person']","['Actor', 'Actress', 'TV Show', 'Person', 'Actress']","[""appear on the talk show 'Koffee with Karan'"", ""appear on the talk show 'Koffee with Karan'"", nan, nan, nan]","['Sharmila Tagore', 'Saif Ali Khan', 'Saif Ali Khan', 'Sharmila Tagore']","['Saif Ali Khan', 'Kareena', 'Koffee with Karan', 'Koffee with Karan']","['Mother of', 'Spouse', 'Visited', 'Visited']",,,,,,,,,,,,,,,
"Malaika Arora attended a Christmas mass in Bandra while her ex-husband Arbaaz Khan got married for the second time to make-up artist Sshura Khan. Arbaaz shared pictures of his wedding on social media, while Malaika was spotted leaving the midnight mass with her family. Arbaaz and Malaika divorced in 2017 after being married for 19 years.","['Malaika Arora', 'Arbaaz Khan', 'Bandra', 'Christmas Mass', 'Sshura Khan']","['Person', 'Person', 'Location', 'Event', 'Person']","['Actress', 'Actor', 'City', 'Religious Event', 'Make-up Artist']","[['attended Christmas mass'], ['married to Sshura Khan'], [], [], []]","['Malaika Arora', 'Arbaaz Khan', 'Malaika Arora', 'Arbaaz Khan']","['Bandra', 'Sshura Khan', 'Christmas Mass', 'Bandra']","['Attended', 'Married', 'Attended', 'Got Married In']",,"['Malaika Arora', 'Arbaaz Khan', 'Bandra', 'Christmas mass', 'Sshura Khan', 'Divorce']","['Person', 'Person', 'Location', 'Event', 'Person', 'Life Event']","['Actress', 'Actor', 'City', 'Religious Event', 'Make-Up Artist', 'Marital Status Change']","[[], [], [], [], [], ['divorced in 2017', 'married for 19 years']]","['Malaika Arora', 'Arbaaz Khan', 'Arbaaz Khan', 'Arbaaz Khan']","['Christmas mass', 'Sshura Khan', 'Malaika Arora', 'Sshura Khan']","['Attended', 'Husband', 'Ex-Husband', 'Current Spouse']",,"['Malaika Arora', 'Bandra', 'Arbaaz Khan', 'Sshura Khan']","['Person', 'Location', 'Person', 'Person']","['Actress', 'City area', 'Actor', 'makeup artist']","['Malaika was spotted leaving the midnight mass with her family', nan, 'got married for the second time', nan]","['Malaika Arora', 'Sshura Khan']","['Arbaaz Khan', 'Arbaaz Khan']","['ex-husband', 'Spouse']",,,,,,,,,,,,,,,
"The makers of the upcoming movie 'Main Atal Hoon' have released the first song ""Desh Pehle"" as a tribute to late former PM Vajpayee on the occassion of his 99th Birth Anniversary. The song features vocals by Jubin Nautiyal, composition by Payal Dev, and lyrics by Manoj Muntashir. Starring Pankaj Tripathi as lead, the film will be released on Jan 19, 2024.","['Main Atal Hoon', 'Vajpayee', 'Jubin Nautiyal', 'Payal Dev', 'Manoj Muntashir', 'Pankaj Tripathi']","['Entertainment', 'Person', 'Person', 'Person', 'Person', 'Person']","['Movie', 'Politician', 'Singer', 'Composer', 'Lyricist', 'Actor']","[['January 19, 2024 release date'], ['late former PM'], [], [], [], []]","['Main Atal Hoon', 'Main Atal Hoon', 'Main Atal Hoon', 'Main Atal Hoon', 'Vajpayee']","['Vajpayee', 'Jubin Nautiyal', 'Payal Dev', 'Manoj Muntashir', 'Main Atal Hoon']","['Tribute', 'Featuring vocalist', 'Music composed by', 'Lyrics written by', 'Occasion of birth anniversary']",,"['Main Atal Hoon', 'Desh Pehle', 'Jubin Nautiyal', 'Payal Dev', 'Manoj Muntashir', 'Pankaj Tripathi', 'Jan 19, 2024', 'late former PM Vajpayee']","['Film', 'Music Track', 'Person', 'Person', 'Person', 'Person', 'Date', 'Person']","['Movie', 'Song', 'Vocalist', 'Composer', 'Lyrics Writer', 'Actor', 'Release Date', 'Politician']","[[], ['tribute to late former PM Vajpayee', 'released on occasion of his 99th birth anniversary'], [], [], [], [], [], ['former Prime Minister of India']]","['Main Atal Hoon', 'Desh Pehle', 'Desh Pehle', 'Jubin Nautiyal', 'Payal Dev', 'Manoj Muntashir', 'Pankaj Tripathi']","['Desh Pehle', 'late former PM Vajpayee', 'Jan 19, 2024', 'Desh Pehle', 'Desh Pehle', 'Desh Pehle', 'Main Atal Hoon']","['Features', 'Tribute', 'Set Release Date For', 'Provides Vocals For', 'Compiles Composition For', 'Writes Lyrics For', 'Stars As Lead In']",,"['Main Atal Hoon', 'Vajpayee', 'Jubin Nautiyal', 'Payal Dev', 'Manoj Muntashir', 'Pankaj Tripathi']","['Entertainment', 'Person', 'Person', 'Person', 'Person', 'Person']","['Movie', 'politician‚Ä†', 'Singer', 'Singer', 'Lyricist‚Ä†', 'Actor']","['will be released on Jan 19, 2024.', '99th Birth Anniversary', 'first song ""Desh Pehle"" vocals by Jubin Nautiyal.', nan, nan, nan]","['Pankaj Tripathi', 'Jubin Nautiyal', 'Payal Dev', 'Manoj Muntashir']","['Main Atal Hoon', 'Main Atal Hoon', 'Main Atal Hoon', 'Main Atal Hoon']","['Actor in', 'Singer in', 'Singer in', 'Lyricist‚Ä†in']",,,,,,,,,,,,,,,
"Alia Bhatt and Ranbir Kapoor proudly introduced their newborn daughter Raha Kapoor in a heartwarming Christmas celebration. The couple, beaming with joy, posed with their bundle of happiness at the annual Christmas lunch. This delightful moment left everyone in awe as the couple shared their overwhelming happiness and excitement about embracing parenthood.","['Alia Bhatt', 'Ranbir Kapoor', 'Raha Kapoor']","['Person', 'Person', 'Person']","['Actress', 'Actor', 'Baby']","[[], [], []]","['Alia Bhatt', 'Ranbir Kapoor']","['Raha Kapoor', 'Raha Kapoor']","['mother', 'father']",,"['Alia Bhatt', 'Ranbir Kapoor', 'Raha Kapoor', 'Christmas Lunch']","['Person', 'Person', 'Person', 'Event']","['Actress', 'Actor', 'Child', 'Social Event']","[[], [], [], []]","['Alia Bhatt', 'Ranbir Kapoor', 'Alia Bhatt', 'Ranbir Kapoor']","['Raha Kapoor', 'Raha Kapoor', 'Raha Kapoor', 'Raha Kapoor']","['mother', 'father', 'daughter', 'son']",,"['Alia Bhatt', 'Ranbir Kapoor', 'Raha Kapoor', 'Christmas']","['Person', 'Person', 'Person', 'Culture/Event']","['Actress', 'Actor', 'Child', 'Festival']","['proudly introduced their newborn daughter', 'proudly introduced their newborn daughter', nan, nan]","['Alia Bhatt', 'Raha Kapoor', 'Raha Kapoor']","['Ranbir Kapoor', 'Alia Bhatt', 'Ranbir Kapoor']","['Spouse', 'Daughter of', 'Daughter of']",,,,,,,,,,,,,,,
"Friends' star Matthew Perry's ex-girlfriend Kayti Edwards has revealed distressing details about Perry's battle with drug addiction. In an interview, Edwards described finding Perry in a dire state, with his hands physically superglued to his legs in an attempt to prevent further drug use. She had to use nail polish remover and olive oil to free him.","['Matthew Perry', 'Kayti Edwards']","['Person', 'Person']","['Actor', 'Ex-Girlfriend']","[['drug addiction'], []]",['Matthew Perry'],['Kayti Edwards'],['ex-boyfriend'],,"['Matthew Perry', 'Kayti Edwards', 'Drug Addiction']","['Person', 'Person', 'Health Issue']","['Actor', 'Former girlfriend', 'Condition']","[['battle with drug addiction'], [""revealed distressing details about Perry's battle with drug addiction""], []]","['Kayti Edwards', 'Matthew Perry']","['Matthew Perry', 'Drug Addiction']","['Ex-Girlfriend', 'Battle with']",,"['Friends', 'Matthew Perry', 'Kayti Edwards']","['Entertainment', 'Person', 'Person']","['Movie', 'Actor', 'Person']","[nan, 'battle with drug addiction', 'described finding Perry in a dire state. with his hands physically superglued to his legs in an attempt to prevent further drug use']","['Matthew Perry', 'Matthew Perry']","['Kayti Edwards', 'Friends']","['Ex-girlfriend', 'Actor in']",,,,,,,,,,,,,,,
"Stand-up comedian Neel Nanda has died at the age of 32, according to his manager Greg Weiss. The cause of death has not been disclosed. Fans, friends, and fellow comedians have paid tribute to Nanda, describing him as a talented comic and a kind person. The comedy community mourns his loss and remembers his contributions to the industry.","['Neel Nanda', 'Greg Weiss', 'Fans', 'Friends', 'Comedy Community']","['Person', 'Person', 'Group', 'Group', 'Organization']","['Comedian', 'Manager', 'Audience', 'Friends', 'Industry']","[['died at age 32'], [], ['paid tribute to Neel Nanda'], ['described him as a talented comic and a kind person'], ['mourns his loss', 'remembers his contributions to the industry']]","['Neel Nanda', 'Neel Nanda', 'Neel Nanda', 'Neel Nanda']","['Greg Weiss', 'Fans', 'Friends', 'Comedy Community']","['Managed by', 'Performer for', 'Friend', 'Contributor to']",,"['Neel Nanda', 'Greg Weiss', 'comedy community']","['Person', 'Person', 'Group']","['Comedian', 'Manager', 'Community']","[['died at the age of 32', 'talented comic', 'kind person'], [], ['mourning his loss', 'remembering his contributions']]","['Neel Nanda', 'Neel Nanda']","['Greg Weiss', 'comedy community']","['Managed by', 'Belonged to']",,"['Neel Nanda', 'Greg Weiss']","['Person', 'Person']","['comedian', 'manager']","['died at the age of 32, cause of death has not been disclosed.', nan]",['Neel Nanda'],['Greg Weiss'],['manager of'],,,,,,,,,,,,,,,
"Bollywood actor Kamal Rashid Khan claimed that he was arrested by Mumbai Police at the airport while going to Dubai for New Year celebrations. He stated that Salman Khan blamed him for the failure of his recent film 'Tiger 3' and in case he dies in prison, know that it was a murder. The post was later deleted from his official handle.","['Kamal Rashid Khan', 'Salman Khan', 'Mumbai Police', 'Dubai']","['Person', 'Person', 'Organization', 'Country']","['Actor', 'Actor', 'Police Department', 'Destination']","[['arrested by Mumbai police', 'accused Salman Khan for failure of Tiger 3', 'claimed death threat'], ['blamed Kamal Rashid Khan for failure of Tiger 3'], ['arrested Kamal Rashid Khan'], ['New Year Celebration']]","['Kamal Rashid Khan', 'Kamal Rashid Khan', 'Salman Khan', 'Kamal Rashid Khan']","['Mumbai Police', 'Salman Khan', 'Kamal Rashid Khan', 'Dubai']","['Arrested', 'Accused', 'Blamed', 'Going for New Year celebration']",,['Kamal Rashid Khan'],['Person'],['Actor'],"[['arrested by Mumbai police at the airport', 'going to Dubai for New Year celebrations', ""blamed by Salman Khan for the failure of 'Tiger 3'"", ""'if die in prison, knew about possible murder""]]",['Salman Khan'],['Kamal Rashid Khan'],['Blames'],,"['Kamal Rashid Khan', 'Salman Khan', 'Tiger 3', 'Dubai']","['Person', 'Person', 'Entertainment', 'Location']","['Actor', 'Actor', 'Movie', 'City']","['arrested by Mumbai Police at the airport while going to Dubai for New Year celebrations', nan, nan, nan]",['Salman Khan'],['Tiger 3'],['Actor in'],,,,,,,,,,,,,,,
"Shah Rukh Khan's film 'Dunki' has performed well at the box office, earning ?20 crore on its fifth day of release in India. The film, directed by Rajkumar Hirani, has received positive reviews and stars Taapsee Pannu, Anil Grover, Vikram Kocchar, Boman Irani, and Vicky Kaushal. It is expected to have a total tally of‚Ä† ?126 crore.","['Shah Rukh Khan', 'Rajkumar Hirani', 'Taapsee Pannu', 'Anil Grover', 'Vikram Kocchar', 'Boman Irani', 'Vicky Kaushal', 'Dunki']","['Person', 'Person', 'Person', 'Person', 'Person', 'Person', 'Person', 'Entertainment']","['Actor', 'Director', 'Actress', 'Actor', 'Actor', 'Actor', 'Actor', 'Movie']","[['Film Dunki', 'earned ‚Ç?20 crore on 5th day'], ['Directed Dunki'], [], [], [], [], [], ['expected total tally ‚Ç?126 crore']]","['Shah Rukh Khan', 'Rajkumar Hirani', 'Taapsee Pannu', 'Anil Grover', 'Vikram Kocchar', 'Boman Irani', 'Vicky Kaushal']","['Dunki', 'Dunki', 'Dunki', 'Dunki', 'Dunki', 'Dunki', 'Dunki']","['Actor in', 'Director of', 'Actor in', 'Actor in', 'Actor in', 'Actor in', 'Actor in']",,"['Shah Rukh Khan', ""'Dunki'"", 'Rajkumar Hirani', 'Taapsee Pannu', 'Anil Grover', 'Vikram Kocchar', 'Boman Irani', 'Vicky Kaushal', 'India']","['Person', 'Film', 'Person', 'Person', 'Person', 'Person', 'Person', 'Person', 'Location']","['Actor', 'Movie', 'Director', 'Actress', 'Actor', 'Actor', 'Actor', 'Actor', 'Country']","[[], ['earned?20 crore on its fifth day of release', 'expected to have a total tally of ‚Ä†?126 crore'], [], [], [], [], [], [], []]","['Shah Rukh Khan', ""'Dunki'"", ""'Dunki'"", ""'Dunki'"", ""'Dunki'"", ""'Dunki'"", ""'Dunki'"", ""'Dunki'""]","[""'Dunki'"", 'Rajkumar Hirani', 'Taapsee Pannu', 'Anil Grover', 'Vikram Kocchar', 'Boman Irani', 'Vicky Kaushal', 'India']","['Starred In', 'Directed By', 'Stars As', 'Stars As', 'Stars As', 'Stars As', 'Stars As', 'Released In']",,"['Shah Rukh Khan', 'Dunki', 'India', 'Rajkumar Hirani', 'Taapsee Pannu', 'Anil Grover', 'Vikram Kocchar', 'Boman Irani', 'Vicky Kaushal']","['Person', 'Entertainment', 'Location', 'Person', 'Person', 'Person', 'Person', 'Person', 'Person']","['Actor', 'Movie', 'Country', 'Director', 'Actress', 'Actor', 'Actor', 'Actor', 'Actor']","[nan, 'received positive reviews, earning ?20 crore on its fifth day of release in India', nan, nan, nan, nan, nan, nan, nan]","['Shah Rukh Khan', 'Rajkumar Hirani', 'Taapsee Pannu', 'Anil Grover', 'Vikram Kocchar', 'Boman Irani', 'Vicky Kaushal', 'Shah Rukh Khan', 'Taapsee Pannu', 'Anil Grover', 'Vikram Kocchar', 'Boman Irani', 'Vicky Kaushal']","['Dunki', 'Dunki', 'Dunki', 'Dunki', 'Dunki', 'Dunki', 'Dunki', 'Taapsee Pannu', 'Anil Grover', 'Vikram Kocchar', 'Boman Irani', 'Vicky Kaushal', 'Shah Rukh Khan']","['Actor in', 'Director in', 'Actress in', 'Actor in', 'Actor in', 'Actor in', 'Actor in', 'Co-star', 'Co-star', 'Co-star', 'Co-star', 'Co-star', 'Co-star']",,,,,,,,,,,,,,,
"Salman Khan is a beloved actor in Hindi cinema, with a career spanning over three decades. He made his acting debut in 1988 and has since appeared in over 100 films. Alongside his success, Khan has also launched the careers of many famous actresses. Some notable actresses he has launched include Sneha Ullal, Sonakshi Sinha, Shehnaaz Gill, and Palak Tiwari.","['Salman Khan', 'Sneha Ullal', 'Sonakshi Sinha', 'Shehnaaz Gill', 'Palak Tiwari']","['Person', 'Person', 'Person', 'Person', 'Person']","['Actor', 'Actress', 'Actress', 'Actress', 'Actress']","[['debut year 1988', 'over 100 films'], [], [], [], []]","['Salman Khan', 'Salman Khan', 'Salman Khan', 'Salman Khan']","['Sneha Ullal', 'Sonakshi Sinha', 'Shehnaaz Gill', 'Palak Tiwari']","['Launched', 'Launched', 'Launched', 'Launched']",,"['Salman Khan', 'Sneha Ullal', 'Sonakshi Sinha', 'Shehnaaz Gill', 'Palak Tiwari']","['Person', 'Person', 'Person', 'Person', 'Person']","['Actor', 'Actress', 'Actress', 'Actress', 'Actress']","[['beloved actor in Hindi cinema', 'career span over three decades', 'acting debut year 1988', 'appeared in over 100 films'], [], [], [], []]","['Salman Khan', 'Salman Khan', 'Salman Khan', 'Salman Khan']","['Sneha Ullal', 'Sonakshi Sinha', 'Shehnaaz Gill', 'Palak Tiwari']","['Launched', 'Launched', 'Launched', 'Launched']",,"['Salman Khan', 'Sneha Ullal', 'Sonakshi Sinha', 'Shehnaaz Gill', 'Palak Tiwari']","['Person', 'Person', 'Person', 'Person', 'Person']","['Actor', 'Actress', 'Actress', 'Actress', 'Actress']","['beloved actor in Hindi cinema, acting debut in 1988 and has since appeared in over 100 films. launched the careers of many famous actresses', nan, nan, nan, nan]","['Salman Khan', 'Salman Khan', 'Salman Khan', 'Salman Khan']","['Sneha Ullal', 'Sonakshi Sinha', 'Shehnaaz Gill', 'Palak Tiwari']","['launched', 'launched', 'launched', 'launched']",,,,,,,,,,,,,,,
"Actor Dino Morea attended a Christmas lunch hosted by PM Narendra Modi at his residence in New Delhi. Morea expressed his gratitude for the invitation and called the experience ""truly memorable,"" along with sharing pictures with the PM. ""To meet you and listen to you speak and experience how gracious a host you are has been truly memorable,"" the actor wrote.","['Dino Morea', 'PM Narendra Modi']","['Person', 'Person']","['Actor', 'Politician']","[['attended christmas lunch hosted by pm narendra modi'], ['gracious host']]",['Dino Morea'],['PM Narendra Modi'],['Attended event hosted by'],,"['Dino Morea', 'PM Narendra Modi', 'New Delhi']","['Person', 'Person', 'Location']","['Actor', 'Politician', 'City']","[[], [], []]",['Dino Morea'],['PM Narendra Modi'],['Attended Christmas Lunch Hosted By'],,"['Dino Morea', 'Narendra Modi', 'New Delhi', 'Christmas']","['Person', 'Person', 'Location', 'Culture/Event']","['Actor', 'politician‚Ä†', 'City', 'Festival']","['attended a Christmas lunch', 'Christmas lunch hosted at his residence', nan, nan]",['Dino Morea'],['Narendra Modi'],['invitation'],,,,,,,,,,,,,,,
"Orry, also known as Orhan Awatramani, recently participated in a Reddit AMA where he shared some interesting insights about Bollywood celebrities. During the session, Orry revealed that Janhvi Kapoor is his closest friend in the industry and he found Shruti Haasan very rude. Further, he revealed that Katrina Kaif is way too funny.","['Orry', 'Janhvi Kapoor', 'Shruti Haasan', 'Katrina Kaif']","['Person', 'Person', 'Person', 'Person']","['Journalist', 'Actress', 'Actress', 'Actress']","[['recently did a Reddit AMA'], [], ['found very rude by Orry'], ['way too funny according to Orry']]","['Orry', 'Orry', 'Orry']","['Janhvi Kapoor', 'Shruti Haasan', 'Katrina Kaif']","['Friend', 'Found rude', 'Finds funny']",,"['Orry (Orhan Awatramani)', 'Janhvi Kapoor', 'Shruti Haasan', 'Katrina Kaif']","['Person', 'Person', 'Person', 'Person']","['Industry Insider', 'Actress', 'Actress', 'Actress']","[[], ['closest friend in the industry'], ['found rude by Orry'], ['funny according to Orry']]","['Orry (Orhan Awatramani)', 'Orry (Orhan Awatramani)', 'Orry (Orhan Awatramani)']","['Janhvi Kapoor', 'Shruti Haasan', 'Katrina Kaif']","['Close Friend', 'Found Rude', 'Find Funny']",,"['Orhan Awatramani', 'Bollywood', 'Janhvi Kapoor', 'Shruti Haasan', 'Katrina Kaif', 'Reddit AMA']","['Person', 'Entertainment', 'Person', 'Person', 'Person', 'Organization / Entertainment‚Ä†']","['Person', 'Film Industry', 'Actress', 'Actress', 'Actress', nan]","['participated in a Reddit AMA where he shared some interesting insights about Bollywood celebrities', nan, nan, nan, nan, nan]",['Orhan Awatramani'],['Reddit AMA'],['participated'],,,,,,,,,,,,,,,
"Tamil actor Rajinikanth's wife, Latha Rajinikanth, has been granted conditional bail by a court in Bangalore in a forgery case related to the 2014 film 'Kochadaiiyaan'. She appeared in person before the court and filed an application for discharge. The court adjourned the hearing to Jan 6. Latha Rajinikanth has been charged under various sections of the IPC.","['Rajinikanth', 'Latha Rajinikanth', 'Bangalore', 'IPC', 'Kochadaiiyaan']","['Person', 'Person', 'Location', 'Legislation', 'Entertainment']","['Actor', 'Wife', 'City', 'Indian Penal Code', 'Film']","[[], ['conditional bail granted', 'charged under various sections of IPC'], [], [], []]","['Rajinikanth', 'Latha Rajinikanth', 'Latha Rajinikanth', 'Latha Rajinikanth']","['Latha Rajinikanth', 'Bangalore', 'IPC', 'Kochadaiiyaan']","['Husband/wife', 'Appeared in court in', 'Charged under', 'Associated with as actress in']",,"['Rajinikanth', 'Latha Rajinikanth', ""'Kochadaiiyaan'"", 'Bangalore', 'IPC']",[],[],"[[], [""Involved in forgery case related to 'Kochadaiiyaan'"", 'Appeared in court in Bangalore'], ['associated with a forgery case involving Latha Rajinikanth'], [], ['charged under']]","['Latha Rajinikanth', 'Latha Rajinikanth', 'Latha Rajinikanth', 'Latha Rajinikanth']","[""'Kochadaiiyaan'"", 'Bangalore', 'Rajinikanth', 'IPC']","['Involved in forgery case', 'Appeared in court', 'Spouse', 'Charged under']",,"['Rajinikanth', 'Latha Rajinikanth', 'Bangalore', 'Kochadaiiyaan']","['Person', 'Person', 'Location', 'Entertainment']","['Actor', 'Person', 'City', 'Movie']","[nan, ""granted conditional bail by a court  in a forgery case related to the 2014 film 'Kochadaiiyaan'."", nan, nan]","['Latha Rajinikanth', 'Rajinikanth']","['Rajinikanth', 'Kochadaiiyaan']","['Spouse', 'Actor in']",,,,,,,,,,,,,,,
"Conman Sukesh Chandrashekhar, a prime accused in a ?200 crore extortion case, denies involvement in disseminating alleged WhatsApp messages and expresses concern over the situation. He requests a thorough investigation by the Central Bureau of Investigation (CBI) and strict action against those responsible for creating and spreading 'fake messages'.","['Conman Sukesh Chandrashekhar', 'Central Bureau of Investigation (CBI)']","['Person', 'Organization']","['Convict', 'Investigative Agency']","[['prime accused in a ‚Ç?200 crore extortion case'], []]",['Conman Sukesh Chandrashekhar'],['Central Bureau of Investigation (CBI)'],['Requests investigation'],,['Sukesh Chandrashekhar'],['Person'],['Accused'],"[['prime accused in a?200 crore extortion case', 'denies involvement in disseminating alleged WhatsApp messages', 'requests thorough investigation by CBI', 'strict action against creators/spreaders of fake messages']]",['Sukesh Chandrashekhar'],['Central Bureau of Investigation'],['Requests investigation'],,"['Sukesh Chandrashekhar', 'Central Bureau of Investigation (CBI)']","['Person', 'Government Organization']","['Businessman', nan]","['prime accused in a ?200 crore extortion case, denies involvement.', nan]",['Sukesh Chandrashekhar'],['Central Bureau of Investigation (CBI)'],['investigation Organization'],,,,,,,,,,,,,,,
"Ira Khan, daughter of Aamir Khan, is set to marry Nupur Shikhare on January 3, 2024. The wedding preparations began, and a party was attended by Kiran Rao, Azad, and Mithila Palkar. Ira shared photos and videos on Instagram stories. Aamir Khan had previously stated that he would be emotional and cry a lot on his daughter's wedding day.","['Ira Khan', 'Aamir Khan', 'Nupur Shikhare', 'Kiran Rao', 'Azad', 'Mithila Palkar']","['Person', 'Person', 'Person', 'Person', 'Person', 'Person']","['Daughter', 'Actor', 'Groom', 'Director', 'Friend', 'Actress']","[['marrying Nupur Shikhare on Jan 3, 2024'], [""emotional about daughter's wedding""], [], [], [], []]","['Ira Khan', 'Aamir Khan', 'Kiran Rao', 'Azad', 'Mithila Palkar']","['Nupur Shikhare', 'Ira Khan', 'Ira Khan', 'Ira Khan', 'Ira Khan']","['Getting Married To', 'Father', 'Attended Wedding', 'Friend', 'Attended Wedding']",,"['Ira Khan', 'Aamir Khan', 'Nupur Shikhare', 'Kiran Rao', 'Azad', 'Mithila Palkar', 'Instagram']","['Person', 'Person', 'Person', 'Person', 'Person', 'Person', 'Platform']","['Daughter', 'Actor', 'Bride', 'Individual', 'Artist/Comedian', 'Model', 'Social Media']","[['daughter of Aamir Khan'], [], [], [], [], [], []]","['Ira Khan', 'Ira Khan', 'Ira Khan', 'Ira Khan', 'Aamir Khan']","['Nupur Shikhare', 'Kiran Rao', 'Azad', 'Mithila Palkar', 'Ira Khan']","['To be married', 'Attended party together', 'Attended party together', 'Attended party together', 'Father']",,"['Ira Khan', 'Aamir Khan', 'Nupur Shikhare', ' January 3, 2024', 'Kiran Rao', 'Azad', 'Mithila Palkar']","['Person', 'Person', 'Person', 'Date', 'Person', 'Person', 'Person']","['Person', 'Actor', 'Person', 'Date', 'screenwriter', 'Person', 'Actress']","['set to marry on January 3, 2024', ""emotional and cry a lot on his daughter's wedding day"", nan, nan, nan, nan, nan]","['Ira Khan', 'Ira Khan']","['Aamir Khan', 'Nupur Shikhare']","['Daughter of', 'Spouse']",,,,,,,,,,,,,,,
"Hugh Jackman has advised fans to rise early if they plan on visiting the Rockefeller Center in New York during Christmas time. The actor shared a video and photos from his visit on Instagram, revealing that he got in trouble with security personnel for getting too close to the Christmas tree. Jackman recommended an early morning visit as it was less crowded.","['Hugh Jackman', 'Rockefeller Center']","['Person', 'Location']","['Actor', 'Building Complex']","[['advised fans to visit Rockefeller Center early', 'got in trouble with security'], ['Christmas time']]",['Hugh Jackman'],['Rockefeller Center'],['Advised to visit'],,"['Hugh Jackman', 'Rockefeller Center', 'New York', 'Security Personnel']","['Person', 'Location', 'Location', 'Organization']","['Actor', 'Landmark', 'City', 'Workforce']","[[], ['Christmas Tree'], [], []]","['Hugh Jackman', 'Hugh Jackman', 'Hugh Jackman']","['Rockefeller Center', 'Security Personnel', 'New York']","['Adviced to visit', 'Troubled by', 'Planned visit']",,"['Hugh Jackman', 'Rockefeller Center', 'New York', 'Christmas']","['Person', 'Location', 'Location', 'Culture/Event']","['Actor', 'City area', 'City', 'Festival']","['shared a video and photos from his visit.  he got in trouble with security personnel for getting too close to the Christmas tree', nan, nan, nan]",['Hugh Jackman'],['Rockefeller Center'],['Visited'],,,,,,,,,,,,,,,
"Salman Khan celebrated his birthday with close family members and industry friends at a star-studded party. The actor was joined by Bobby Deol, Lulia Vantur, Arbaaz Khan, and others as they celebrated Salman's birthday along with his niece, Aayat. Videos from the party have gone viral on social media, giving fans a glimpse into the memorable celebration.","['Salman Khan', 'Bobby Deol', 'Lulia Vantur', 'Arbaaz Khan', 'Aayat']","['Person', 'Person', 'Person', 'Person', 'Person']","['Actor', 'Actor', 'Model', 'Actor', 'Child']","[[], [], [], [], []]","['Salman Khan', 'Salman Khan', 'Salman Khan', 'Salman Khan']","['Bobby Deol', 'Lulia Vantur', 'Arbaaz Khan', 'Aayat']","['Friend', 'Met', 'Brother', 'Uncle']",,"['Salman Khan', 'Bobby Deol', 'Lulia Vantur', 'Arbaaz Khan', 'Aayat', 'Star-Studded Party']","['Person', 'Person', 'Person', 'Person', 'Person', 'Event']","['Actor', 'Actor', 'Industry Personnel', 'Actor', 'Family Member', 'Birthday Celebration']","[[], [], [], [], ['niece of Salman Khan'], ['viral videos on social media']]","['Salman Khan', 'Salman Khan', 'Salman Khan', 'Salman Khan', 'Salman Khan']","['Bobby Deol', 'Lulia Vantur', 'Arbaaz Khan', 'Aayat', 'Star-Studded Party']","['Attended together', 'Attended together', 'Attended together', 'Uncle', 'Host']",,"['Salman Khan', 'Bobby Deol', 'Lulia Vantur', 'Arbaaz Khan', 'Aayat']","['Person', 'Person', 'Person', 'Person', 'Person']","['Actor', 'Actor', 'Actress', 'Actor', 'niece']","['celebrated his birthday with close family members and industry friends at a star-studded party', nan, nan, nan, nan]","['Salman Khan', 'Salman Khan', 'Salman Khan', 'Salman Khan']","['Aayat', 'Bobby Deol', 'Lulia Vantur', 'Arbaaz Khan']","['niece', 'Invited', 'Invited', 'Invited']",,,,,,,,,,,,,,,
"The most expensive TV show ever made is 'The Lord of the Rings: The Rings of Power', with a production cost of over a billion dollars. Each of the show's eight episodes cost around ?480 crore, which is more than the budget of most Indian films. The high budget was attributed to mismanagement and reshoots, as well as the show's expansive sets.",['The Lord of the Rings: The Rings of Power'],['Entertainment'],['TV Show'],"[['production cost > $1bn', 'budget per episode > Rs 480cr']]",[],[],[],,"['The Lord of the Rings: The Rings of Power', 'billion dollars', '?480 crore']","['TV Show', 'Monetary Value', 'Monetary Value']","['Series', 'Amount', 'Amount']","[None, None, ['cost per episode', 'highest budget for an Indian series']]","['The Lord of the Rings: The Rings of Power', 'The Lord of the Rings: The Rings of Power']","['billion dollars', '?480 crore']","['Production Cost', 'Cost Per Episode']",,"[""The Lord of the Rings: The Rings of Power'""]",['Entertainment'],['TV show'],"[""most expensive TV show ever,  production cost of over a billion dollars.  Each of the show's eight episodes cost around ?480 crore""]",[nan],['nan'],[nan],,,,,,,,,,,,,,,
"Actress Isha Koppikar and husband Timmy Narang have reportedly separated due to compatibility issues. The couple, who got married in 2009 and have a nine-year-old daughter, recently finalised their divorce. The 'Don' actress has moved out of her matrimonial home and is living separately with her daughter. Koppikar will next be seen in Tamil film 'Ayalaan.'","['Isha Koppikar', 'Timmy Narang', 'their daughter', 'don']","['Person', 'Person', 'Person', 'Entertainment']","['Actress', 'Businessman', 'Child', 'Movie']","[['Divorced', 'Next seen in Ayalaan'], [], [], []]","['Isha Koppikar', 'Isha Koppikar', 'Isha Koppikar']","['Timmy Narang', 'their daughter', 'Ayalaan']","['Married', 'mother', 'actress in']",,"['Isha Koppikar', 'Timmy Narang', 'Divorce', ""'Don'"", 'Ayalaan', 'Daughter']","['Person', 'Person', 'Event', 'Film', 'Film', 'Family Member']","['Actress', 'Husband', '', 'Entertainment', 'Movie', 'Child']","[['married in 2009', 'nine-year-old daughter'], [], ['compatibility issues'], [], ['next appearance by Isha Koppikar'], ['living with Isha Koppikar']]","['Isha Koppikar', 'Isha Koppikar', 'Isha Koppikar', 'Isha Koppikar']","['Timmy Narang', 'Divorce', 'Ayalaan', 'Daughter']","['Married', 'Undergoing', 'Next Film', 'Parent']",,"['Isha Koppikar', 'Timmy Narang', 'Don', 'Ayalaan']","['Person', 'Person', 'Entertainment', 'Entertainment']","['Actress', 'Person', 'Movie', 'Movie']","['separated due to compatibility issues. married in 2009 and have a nine-year-old daughter.', nan, nan, nan]","['Isha Koppikar', 'Isha Koppikar', 'Isha Koppikar']","['Timmy Narang', 'Don', 'Ayalaan']","['Spouse', 'Actress in', 'Actress in']",,,,,,,,,,,,,,,
"Cricketer Shikhar Dhawan recently took to social media to reveal that he has not seen his son for a year and that his ex-wife has blocked him from any contact or seeing pictures of their son. Actor Akshay Kumar expressed his support for Dhawan, stating that he understands the pain of not being able to see one's child. ""Hausla rakh Shikhar..."" wrote Kumar.","['Shikhar Dhawan', 'Akshay Kumar']","['Person', 'Person']","['Cricketer', 'Actor']","[['recently revealed separation from wife', 'ex-wife has blocked access to son'], ['expressed support for Shikhar Dhawan']]",['Shikhar Dhawan'],['Akshay Kumar'],['Supporter'],,"['Shikhar Dhawan', 'Son', 'Akshay Kumar', 'Social Media']",[],[],"[['Not seen son for a year', 'Blocked by ex-wife'], [], ['Support for Dhawan', 'Understands pain of not seeing child'], []]",['Shikhar Dhawan'],['Son'],['Father'],,"['Shikhar Dhawan', 'Akshay Kumar']","['Person', 'Person']","['Cricketer', 'Actor']","['not seen his son for a year and that his ex-wife has blocked him from any contact or seeing pictures of their son', 'Akshay Kumar expressed his support. Hausla rakh Shikhar..."" wrote Kumar.']",[nan],['nan'],[nan],,,,,,,,,,,,,,,
"Filmmaker Ram Gopal Varma has filed a complaint with the Andhra Pradesh police against activist Kolikapudi Sreenivasa Rao for offering a bounty of ?1 crore on his head during a live television debate. Kolikapudi made the statement in reference to Varma's upcoming movie Vyooham, which reportedly revolves around the politics of Andhra Pradesh.","['Ram Gopal Varma', 'Andhra Pradesh', 'Vyooham', 'Kolikapudi Sreenivasa Rao']","['Person', 'Location', 'Entertainment', 'Person']","['Filmmaker', 'State', 'Movie', 'Activist']","[['Upcoming movie Vyooham'], [], ['Politics of Andhra Pradesh'], [""Offered a bounty of?1 crore on Ram Gopal Varma's head""]]","['Ram Gopal Varma', 'Kolikapudi Sreenivasa Rao']","['Vyooham', 'Ram Gopal Varma']","['Director', 'Offered bounty on head']",,"['Ram Gopal Varma', 'Kolikapudi Sreenivasa Rao']","['Person', 'Person']","['Filmmaker', 'Activist']","[[], ['bounty offer']]",['Ram Gopal Varma'],['Kolikapudi Sreenivasa Rao'],['Complained against'],,"['Ram Gopal Varma', 'Andhra Pradesh police', 'Andhra Pradesh', 'Kolikapudi Sreenivasa Rao', 'Vyooham']","['Person', 'Government Organization', 'Location', 'Person', 'Entertainment']","['Filmmaker', 'Police Department', 'State', 'activist', 'Movie']","['filed a complaint with the Andhra Pradesh police against activist', nan, nan, 'revolves around the politics of Andhra Pradesh', nan]","['Ram Gopal Varma', 'Ram Gopal Varma']","['Vyooham', 'Kolikapudi Sreenivasa Rao']","['upcoming movie', '?']",,,,,,,,,,,,,,,
"Saif Ali Khan and Sharmila Tagore opened up about Khan marrying Amrita Singh on 'Koffee With Karan 8'. Saif revealed that his mother was ""hurt and started crying"" after he told her about his secret marriage. Tagore revealed that she met Singh over tea when she was visiting Mumbai. While the veteran actress was shocked by the turn of events, she liked her.","['Saif Ali Khan', 'Sharmila Tagore', 'Amrita Singh']","['Person', 'Person', 'Person']","['Actor', 'Actor', 'Actor']","[['married Amrita Singh'], [], []]","['Saif Ali Khan', 'Saif Ali Khan']","['Sharmila Tagore', 'Amrita Singh']","['mother', 'Married']",,"['Saif Ali Khan', 'Sharmila Tagore', 'Amrita Singh', 'Koffee With Karan 8', 'Mumbai']","['Person', 'Person', 'Person', 'TV Show', 'Location']","['Actor', 'Actress', '', 'Programme', 'City']","[[], [], [], [], []]","['Saif Ali Khan', 'Sharmila Tagore', 'Saif Ali Khan']","['Amrita Singh', 'Amrita Singh', 'Koffee With Karan 8']","['Married', 'Met Over Tea', 'Discussed Marriage']",,"['Saif Ali Khan', 'Sharmila Tagore', 'Amrita Singh', 'Koffee With Karan 8', 'Mumbai']","['Person', 'Person', 'Person', 'Entertainment', 'Location']","['Actor', 'Actress', 'Actress', 'TV Show', 'City']","['his mother was ""hurt and started crying"" after he told her about his secret marriage', 'she met Singh over tea when she was visiting Mumbai', nan, nan, nan]","['Saif Ali Khan', 'Saif Ali Khan', 'Saif Ali Khan', 'Sharmila Tagore', 'Sharmila Tagore']","['Sharmila Tagore', 'Amrita Singh', 'Koffee With Karan 8', 'Koffee With Karan 8', 'Mumbai']","['Mother of', 'Ex-wife', 'visited', 'visited', 'visited']",,,,,,,,,,,,,,,
Randeep Hooda shared a photo of a tigress with a snare stuck in her lower stomach in Uttrakhand's Surai Forest Range on social media platform. He sought the support of the Uttrakhand Forest Department and Chief Minister Pushkar Singh Dhami in rescuing and treating the tigress. The Surai Forest Range is a popular tourist spot known for its flora and fauna.,"['Randeep Hooda', 'Uttrakhand Forest Department', 'Pushkar Singh Dhami', 'Surai Forest Range', 'tigress']","['Person', 'Organization', 'Person', 'Location', 'Animal']","['Actor', 'Government Agency', 'Politician', 'Forest Reserve', 'Big Cat']","[['shared photo of injured tigress'], ['responsible for forest conservation'], ['Chief Minister of Uttrakhand'], ['popular tourist spot'], ['injured by snare']]","['Randeep Hooda', 'Randeep Hooda', 'Randeep Hooda']","['Uttrakhand Forest Department', 'Pushkar Singh Dhami', 'tigress']","['Requested Support', 'Requested Support', 'Shared Photo of Injury']",,"['Randeep Hooda', 'tigress', 'Surai Forest Range', 'Uttrakhand Forest Department', 'Pushkar Singh Dhami']","['Person', 'Animal', 'Location', 'Organization', 'Person']","['Actor', 'Big Cat', 'Forest Reserve', 'Government Agency', 'Politician']","[[], ['snare stuck in lower stomach'], ['popular tourist spot', 'known for flora and fauna'], [], []]","['Randeep Hooda', 'Randeep Hooda', 'Randeep Hooda', 'tigress']","['tigress', 'Uttrakhand Forest Department', 'Pushkar Singh Dhami', 'Surai Forest Range']","['Shared Photo', 'Seek Support From', 'Seek Support From', 'Found In']",,"['Randeep Hooda', 'Uttrakhand', 'Surai Forest Range', 'Pushkar Singh Dhami', 'Uttrakhand Forest Department']","['Person', 'Location', 'Location', 'Person', 'Government Organization']","['Actor', 'State', 'Forest', 'politician‚Ä†', 'Forest Department']","['shared a photo of a tigress with a snare stuck in her lower stomach', nan, 'popular tourist spot known for its flora and fauna.', nan, nan]","['Randeep Hooda', 'Surai Forest Range']","['Surai Forest Range', 'Uttrakhand Forest Department']",['Visited'],,,,,,,,,,,,,,,
"Shah Rukh Khan and Rajkumar Hirani's film 'Dunki' has received immense love and appreciation from fans and critics. It has surpassed the ?100 crore mark at the box office, but experienced its second drop on its 7th day, earning ?9.75 crore. However, it couldn't beat the opening day records of Shah Rukh's previous releases, 'Pathaan' and 'Jawan'.","['Shah Rukh Khan', 'Rajkumar Hirani', 'Dunki']","['Person', 'Person', 'Entertainment']","['Actor', 'Director', 'Film']","[['surpassed 100 crores mark', 'experienced second drop on 7th day'], [], ['has received immense love and appreciation', 'surpassed 100 crores mark', 'earned 9.75 crore on 7th day']]","['Shah Rukh Khan', 'Rajkumar Hirani']","['Dunki', 'Dunki']","['Actor in', 'Director of']",,"['Shah Rukh Khan', 'Rajkumar Hirani', ""'Dunki'"", ""'Pathaan'"", ""'Jawan'""]","['Person', 'Person', 'Film', 'Film', 'Film']","['Actor', 'Director', 'Movie', 'Movie', 'Movie']","[[], [], ['Box Office Collection >?100 crores', 'Second Drop on 7th Day :?9.75 crores', ""Couldn't Beat Opening Day Records of Pathaan & Jawan""], ['Opening Day Record'], ['Opening Day Record']]","['Shah Rukh Khan', 'Rajkumar Hirani', ""'Dunki'"", ""'Dunki'""]","[""'Dunki'"", ""'Dunki'"", ""'Pathaan'"", ""'Jawan'""]","['Starred In', 'Directed', 'Compared To (In terms of Box Office)', 'Compared To (In terms of Box Office)']",,"['Shah Rukh Khan', 'Rajkumar Hirani', 'Dunki', 'Pathaan', 'Jawan']","['Person', 'Person', 'Entertainment', 'Entertainment', 'Entertainment']","['Actor', 'Filmmaker', 'Movie', 'Movie', 'Movie']","['Noone', 'appreciation from fans and critics.  surpassed the ?100 crore mark at the box office', nan, nan, nan]","['Shah Rukh Khan', 'Shah Rukh Khan', 'Shah Rukh Khan']","['Dunki', 'Pathaan', 'Jawan']","['Actor in', 'Actor in', 'Actor in']",,,,,,,,,,,,,,,
"Bobby Deol has made a successful comeback with 'Animal,' receiving praise for his role. In a viral video, he is seen interacting with a fan, receiving chocolates, and sharing a sweet moment. The actor shook hands with her & posed for pictures. The fan also planted a sweet kiss on Deol??s palms. Throughout, the actor has a wide smile plastered across his face.","['Bobby Deol', 'Fan']","['Person', 'Person']","['Actor', 'fan']","[['successful comeback with Animal', 'received praise for his role'], []]","['Bobby Deol', 'Fan', 'Bobby Deol', 'Fan']","['Fan', 'Bobby Deol', 'Fan', 'Bobby Deol']","['Interacted with', 'Gave chocolates to', 'Shared picture with', 'Planted kiss on palms']",,"['Bobby Deol', ""'Animal'"", 'fan']","['Person', 'Film', 'Person']","['Actor', 'Movie', 'Supporter']","[[""successful comeback with 'Animal'"", 'role praise', 'wide smile'], [], ['interacting with Bobby Deol', 'given chocolates', 'planted a sweet kiss on his palms', 'received handshake', 'posed for pictures']]","['Bobby Deol', 'Bobby Deol']","[""'Animal'"", 'fan']","['Role', 'Interaction']",,"['Bobby Deol', 'Animal']","['Person', 'Entertainment']","['Actor', 'Movie']","['successful comeback. receiving praise for his role', nan]",['Bobby Deol'],['Animal'],['Actor in'],,,,,,,,,,,,,,,
"Filmmaker Alphonse Puthren known for his successful movie, 'Premam,' has recently been making disturbing posts on social media. He demanded investigations into the deaths of Vijayakanth and former Tamil Nadu chief ministers J Jayalalithaa and M Karunanidhi, claiming they were murders. He also called for the political entry of popular star Ajith Kumar.","['Alphonse Puthren', 'Vijayakanth', 'J Jayalalithaa', 'M Karunanidhi', 'Ajith Kumar']","['Person', 'Person', 'Person', 'Person', 'Person']","['Filmmaker', 'Politician', 'Politician', 'Politician', 'Actor']","[['Director of Premam'], [], [], [], []]","['Alphonse Puthren', 'Alphonse Puthren', 'Alphonse Puthren', 'Alphonse Puthren']","['Vijayakanth', 'J Jayalalithaa', 'M Karunanidhi', 'Ajith Kumar']","['Demanded investigation', 'Demanded investigation', 'Demanded investigation', 'Called for political entry']",,"['Alphonse Puthren', ""'Premam'"", 'Vijayakanth', 'J Jayalalithaa', 'M Karunanidhi', 'Ajith Kumar']","['Person', 'Movie', 'Person', 'Person', 'Person', 'Person']","['Film Director', 'Entertainment', 'Politician', 'Politician', 'Politician', 'Star']","[[], [], [], [], [], []]","['Alphonse Puthren', 'Alphonse Puthren', 'Alphonse Puthren', 'Alphonse Puthren', 'Alphonse Puthren']","[""'Premam'"", 'Vijayakanth', 'J Jayalalithaa', 'M Karunanidhi', 'Ajith Kumar']","['Director of', 'Demanded investigation into murder of', 'Demanded investigation into murder of', 'Demanded investigation into murder of', 'called for political entry of']",,"['Alphonse Puthren', 'Premam', 'Vijayakanth', 'Tamil Nadu', 'J Jayalalithaa', 'M Karunanidhi', 'Ajith Kumar']","['Person', 'Entertainment', 'Person', 'Location', 'Person', 'Person', 'Person']","['Filmmaker', 'Movie', 'politician‚Ä†', 'State', 'politician‚Ä†', 'politician‚Ä†', 'Actor']","['demanded investigations into the deaths,  claiming they were murders', nan, nan, nan, nan, nan, nan]",['Alphonse Puthren'],['Premam'],['Filmmaker of'],,,,,,,,,,,,,,,
"Mbongeni Ngema, writer of the acclaimed musical 'Sarafina' about student riots in apartheid Soweto, was killed in a car crash. The family shared that he was killed in a head-on collision while returning from a funeral he had attended in Lusikisiki, South Africa. Ngema was a writer, lyricist, composer, director, choreographer, and theatre producer.",['Mbongeni Ngema'],['Person'],"['Writer, Lyricist, Composer, Director, Choreographer, Theatre Producer']","[['acclaimed musical Sarafina', 'student riots in apartheid Soweto', 'killed in a car crash', 'returning from a funeral in Lusikisiki']]",[],[],[],,"['Mbongeni Ngema', 'Sarafina', 'head-on collision', 'Lusikisiki']","['Person', 'Entertainment', 'Event', 'Location']","['Multiple roles (Writer, Lyricist, Composer, Director, Choreographer, Theatre Producer)', 'Musical', 'Crash', 'City']","[[], ['Acclaimed', 'about student riots in apartheid Soweto'], ['caused death'], ['In South Africa']]","['Mbongeni Ngema', 'Mbongeni Ngema', 'Mbongeni Ngema']","['Sarafina', 'Head-on collision', 'Lusikisiki']","['Created', 'Victim of', 'Attended funeral in']",,"['Mbongeni Ngema', 'Lusikisiki', 'South Africa', 'Sarafina']","['Person', 'Location', 'Location', 'Entertainment']","['writer', 'Town', 'Country', 'Movie']","['killed in a car crash', nan, nan, nan]","['Mbongeni Ngema', 'Mbongeni Ngema']","['Sarafina', 'Lusikisiki']","['writer of', 'Visited']",,,,,,,,,,,,,,,
"The most searched Indian on Google in 2023 is actor Kiara Advani, whose popularity skyrocketed after her wedding with actor Sidharth Malhotra. Following closely behind is cricket sensation Shubman Gill. Rachin Ravindra claimed the third spot. Star fast bowler Mohammed Shami secured the fourth position, while YouTuber Elvish Yadav rounded off the top five.","['Kiara Advani', 'Sidharth Malhotra', 'Shubman Gill', 'Rachin Ravindra', 'Mohammed Shami', 'Elvish Yadav']","['Person', 'Person', 'Person', 'Person', 'Person', 'Person']","['Actor', 'Actor', 'Cricket Player', 'Cricketer', 'Star Fast Bowler', 'YouTuber']","[['most searched Indian on google in 2023'], [], [], [], [], []]","['Kiara Advani', 'Kiara Advani', 'Sidharth Malhotra', 'Shubman Gill', 'Rachin Ravindra', 'Mohammed Shami', 'Elvish Yadav']","['Sidharth Malhotra', 'Google', 'Kiara Advani', 'Google', 'Google', 'Google', 'Google']","['Married to', 'Most searched Indian on google in 2023', 'Married to', 'Second most searched Indian on google in 2023', 'Third most searched Indian on google in 2023', 'Fourth most searched Indian on google in 2023', 'Fifth most searched Indian on google in 2023']",,"['Kiara Advani', 'Sidharth Malhotra', 'Shubman Gill', 'Rachin Ravindra', 'Mohammed Shami', 'Elvish Yadav']",[],[],"[['most searched Indian on Google in 2023', 'popularity increased after wedding with Sidharth Malhotra'], [], ['cricket sensation'], ['third most searched Indian on Google in 2023'], ['fourth most searched Indian on Google in 2023', 'Star Fast Bowler'], ['fifth most searched Indian on Google in 2023', 'YouTuber']]",['Kiara Advani'],['Sidharth Malhotra'],['Married'],,"['Indian', 'Kiara Advani', 'Sidharth Malhotra', 'Shubman Gill', 'Rachin Ravindra', 'Mohammed Shami', 'Elvish Yadav']","['Location', 'Person', 'Person', 'Person', 'Person', 'Person', 'Person']","['Country', 'Actress', 'Actor', 'Cricketer', 'Cricketer', 'Cricketer', 'YouTuber']","[nan, 'most searched Indian on Google in 2023, popularity skyrocketed after her wedding ', nan, 'most searched Indian on Google in 2023, closely behind is cricket sensation', 'most searched Indian on Google in 2023, claimed the third spot', 'most searched Indian on Google in 2023, secured the fourth position', 'most searched Indian on Google in 2023, rounded off the top five.']",['Kiara Advani'],['Sidharth Malhotra'],['Spouse'],,,,,,,,,,,,,,,
